image,tp,fp,fn,small_tp,small_fn,tiny_side_tp,tiny_side_fn,detections,mean_confidence,illumination_mean,detector_route,gate_mode,residual_l1
datasets\VisDrone-LL\LL2\images\val\0000001_02999_d_0000005.jpg,0,0,127,0,76,0,44,63,0.006726262625306845,0.0566648908405955,lowlight,none,0.0
datasets\VisDrone-LL\LL2\images\val\0000001_03499_d_0000006.jpg,0,0,77,0,53,0,37,14,0.003892556531354785,0.07872987397119342,lowlight,none,0.0
datasets\VisDrone-LL\LL2\images\val\0000001_03999_d_0000007.jpg,0,0,48,0,26,0,3,6,0.0022776422556489706,0.11077253162067295,lowlight,none,0.0
datasets\VisDrone-LL\LL2\images\val\0000001_04527_d_0000008.jpg,0,0,115,0,72,0,32,11,0.0015256688930094242,0.08940641453340596,lowlight,none,0.0
datasets\VisDrone-LL\LL2\images\val\0000001_05249_d_0000009.jpg,0,0,113,0,27,0,5,19,0.00481390068307519,0.05355310646635197,lowlight,none,0.0
datasets\VisDrone-LL\LL2\images\val\0000001_05499_d_0000010.jpg,0,0,140,0,52,0,20,156,0.006629590876400471,0.03809568279472283,lowlight,none,0.0
datasets\VisDrone-LL\LL2\images\val\0000001_05999_d_0000011.jpg,0,0,115,0,66,0,47,23,0.00965921301394701,0.07329304534313726,lowlight,none,0.0
datasets\VisDrone-LL\LL2\images\val\0000001_07999_d_0000012.jpg,0,0,136,0,99,0,65,15,0.008565514348447323,0.16323533761498427,lowlight,none,0.0
datasets\VisDrone-LL\LL2\images\val\0000001_08414_d_0000013.jpg,0,1,164,0,107,0,47,49,0.016541646793484688,0.03708694550351005,lowlight,none,0.0
datasets\VisDrone-LL\LL2\images\val\0000021_00000_d_0000001.jpg,2,4,29,0,23,0,20,101,0.03959532082080841,0.07126971374969741,lowlight,none,0.0
datasets\VisDrone-LL\LL2\images\val\0000021_00500_d_0000002.jpg,0,0,17,0,15,0,12,9,0.006430971436202526,0.07733084452916969,lowlight,none,0.0
datasets\VisDrone-LL\LL2\images\val\0000021_00800_d_0000003.jpg,0,0,7,0,7,0,4,12,0.008653798140585423,0.10560822893972403,lowlight,none,0.0
datasets\VisDrone-LL\LL2\images\val\0000022_00000_d_0000004.jpg,0,0,41,0,35,0,27,15,0.028280876576900482,0.07014603758169935,lowlight,none,0.0
datasets\VisDrone-LL\LL2\images\val\0000022_00500_d_0000005.jpg,1,0,31,0,22,0,14,22,0.02720465138554573,0.10847590625756474,lowlight,none,0.0
datasets\VisDrone-LL\LL2\images\val\0000022_01036_d_0000006.jpg,1,0,15,0,4,0,3,13,0.030249087139964104,0.02123007443718228,lowlight,none,0.0
datasets\VisDrone-LL\LL2\images\val\0000022_01251_d_0000007.jpg,2,0,10,0,0,0,0,46,0.040548089891672134,0.04326613562091503,lowlight,none,0.0
datasets\VisDrone-LL\LL2\images\val\0000023_00000_d_0000008.jpg,0,0,40,0,35,0,26,39,0.020922809839248657,0.05602557643427742,lowlight,none,0.0
datasets\VisDrone-LL\LL2\images\val\0000023_00300_d_0000009.jpg,0,0,30,0,25,0,15,7,0.0023341255728155375,0.062327523602033405,lowlight,none,0.0
datasets\VisDrone-LL\LL2\images\val\0000023_00868_d_0000010.jpg,4,0,16,0,6,0,5,50,0.062203388661146164,0.039691108387799566,lowlight,none,0.0
datasets\VisDrone-LL\LL2\images\val\0000023_01233_d_0000011.jpg,3,2,11,0,0,0,0,87,0.0439438670873642,0.04418258290970709,lowlight,none,0.0
datasets\VisDrone-LL\LL2\images\val\0000024_00000_d_0000012.jpg,0,0,21,0,9,0,3,2,0.0012074734549969435,0.0710253797506657,lowlight,none,0.0
datasets\VisDrone-LL\LL2\images\val\0000024_00500_d_0000013.jpg,1,0,9,0,1,0,0,6,0.06195588409900665,0.0876729000242072,lowlight,none,0.0
datasets\VisDrone-LL\LL2\images\val\0000024_01000_d_0000014.jpg,0,0,12,0,12,0,9,3,0.0037708778399974108,0.0696586026385863,lowlight,none,0.0
datasets\VisDrone-LL\LL2\images\val\0000024_01543_d_0000015.jpg,0,1,8,0,1,0,0,30,0.01979908160865307,0.07304122791091745,lowlight,none,0.0
datasets\VisDrone-LL\LL2\images\val\0000026_00000_d_0000024.jpg,0,0,8,0,0,0,0,18,0.005667643155902624,0.06349551077639821,lowlight,none,0.0
datasets\VisDrone-LL\LL2\images\val\0000026_00500_d_0000025.jpg,0,0,15,0,1,0,0,39,0.00474881287664175,0.08707504655072333,lowlight,none,0.0
datasets\VisDrone-LL\LL2\images\val\0000026_01000_d_0000026.jpg,0,1,25,0,3,0,0,44,0.010134796611964703,0.06844502114571319,lowlight,none,0.0
datasets\VisDrone-LL\LL2\images\val\0000026_01500_d_0000027.jpg,0,0,10,0,0,0,0,13,0.005170299671590328,0.0661225395963845,lowlight,none,0.0
datasets\VisDrone-LL\LL2\images\val\0000026_02000_d_0000028.jpg,0,1,9,0,0,0,0,31,0.029409168288111687,0.06773450256688604,lowlight,none,0.0
datasets\VisDrone-LL\LL2\images\val\0000026_02500_d_0000029.jpg,0,0,17,0,9,0,3,4,0.0017002628883346915,0.15875918764276184,lowlight,none,0.0
datasets\VisDrone-LL\LL2\images\val\0000026_03000_d_0000030.jpg,0,1,13,0,0,0,0,15,0.03237224370241165,0.0951447180948504,lowlight,none,0.0
datasets\VisDrone-LL\LL2\images\val\0000026_03500_d_0000031.jpg,0,1,23,0,1,0,0,53,0.011580975726246834,0.07689896043000052,lowlight,none,0.0
datasets\VisDrone-LL\LL2\images\val\0000026_04000_d_0000032.jpg,0,1,14,0,0,0,0,8,0.029652800410985947,0.055819763891715855,lowlight,none,0.0
datasets\VisDrone-LL\LL2\images\val\0000026_04500_d_0000033.jpg,0,1,47,0,24,0,12,50,0.009820294566452503,0.11942395458760206,lowlight,none,0.0
datasets\VisDrone-LL\LL2\images\val\0000026_04978_d_0000034.jpg,0,0,45,0,16,0,13,39,0.00793283712118864,0.09547792327234622,lowlight,none,0.0
datasets\VisDrone-LL\LL2\images\val\0000055_00000_d_0000109.jpg,1,3,100,0,57,0,28,192,0.020432347431778908,0.023698393246187364,lowlight,none,0.0
datasets\VisDrone-LL\LL2\images\val\0000055_00714_d_0000110.jpg,0,0,85,0,48,0,25,0,0.0,0.012827107540547084,lowlight,none,0.0
datasets\VisDrone-LL\LL2\images\val\0000069_00001_d_0000001.jpg,6,1,28,0,7,0,1,99,0.046923309564590454,0.06855253258550634,lowlight,none,0.0
datasets\VisDrone-LL\LL2\images\val\0000069_00483_d_0000002.jpg,5,3,22,0,6,0,2,79,0.06948285549879074,0.06584193862089241,lowlight,none,0.0
datasets\VisDrone-LL\LL2\images\val\0000069_00713_d_0000003.jpg,6,4,43,0,22,0,4,113,0.07345554977655411,0.08758517463117504,lowlight,none,0.0
datasets\VisDrone-LL\LL2\images\val\0000069_01109_d_0000004.jpg,3,2,28,0,6,0,2,118,0.03432231396436691,0.08950645302334698,lowlight,none,0.0
datasets\VisDrone-LL\LL2\images\val\0000069_01878_d_0000005.jpg,10,4,26,0,12,0,6,126,0.05900276452302933,0.05377725007727043,lowlight,none,0.0
datasets\VisDrone-LL\LL2\images\val\0000069_02163_d_0000006.jpg,5,7,44,0,17,0,7,159,0.05013921111822128,0.0760014210220805,lowlight,none,0.0
datasets\VisDrone-LL\LL2\images\val\0000069_02480_d_0000007.jpg,7,7,57,0,29,0,18,199,0.05329794064164162,0.07015105803951723,lowlight,none,0.0
datasets\VisDrone-LL\LL2\images\val\0000072_02834_d_0000003.jpg,0,0,73,0,21,0,4,119,0.008255191147327423,0.016821784230801124,lowlight,none,0.0
datasets\VisDrone-LL\LL2\images\val\0000076_02142_d_0000009.jpg,0,1,11,0,4,0,3,10,0.052323926240205765,0.07897433113960693,lowlight,none,0.0
datasets\VisDrone-LL\LL2\images\val\0000081_00000_d_0000001.jpg,0,0,86,0,74,0,57,42,0.006074120756238699,0.041544919511014286,lowlight,none,0.0
datasets\VisDrone-LL\LL2\images\val\0000086_00000_d_0000001.jpg,4,9,33,0,21,0,7,196,0.0494949147105217,0.038571373456790126,lowlight,none,0.0
datasets\VisDrone-LL\LL2\images\val\0000086_00592_d_0000002.jpg,0,2,65,0,40,0,29,95,0.020105773583054543,0.04480806705398208,lowlight,none,0.0
datasets\VisDrone-LL\LL2\images\val\0000086_01084_d_0000003.jpg,0,3,146,0,132,0,105,192,0.021100373938679695,0.079554012345679,lowlight,none,0.0
datasets\VisDrone-LL\LL2\images\val\0000086_01443_d_0000004.jpg,0,0,107,0,96,0,70,57,0.0028129343409091234,0.06388832909707093,lowlight,none,0.0
datasets\VisDrone-LL\LL2\images\val\0000086_01954_d_0000005.jpg,1,2,172,0,163,0,134,117,0.023750292137265205,0.0462814845073832,lowlight,none,0.0
datasets\VisDrone-LL\LL2\images\val\0000103_00180_d_0000026.jpg,0,0,1,0,0,0,0,8,0.014925073832273483,0.05229169399401437,lowlight,none,0.0
datasets\VisDrone-LL\LL2\images\val\0000103_00502_d_0000027.jpg,2,0,1,0,0,0,0,10,0.16856293380260468,0.04807621126112883,lowlight,none,0.0
datasets\VisDrone-LL\LL2\images\val\0000103_01734_d_0000028.jpg,1,0,3,0,0,0,0,16,0.05167523771524429,0.08701869944440675,lowlight,none,0.0
datasets\VisDrone-LL\LL2\images\val\0000103_02544_d_0000029.jpg,0,0,14,0,0,0,0,30,0.004293645266443491,0.043755572894286505,lowlight,none,0.0
datasets\VisDrone-LL\LL2\images\val\0000103_02964_d_0000030.jpg,3,5,7,0,0,0,0,139,0.04593610763549805,0.02974754430799617,lowlight,none,0.0
datasets\VisDrone-LL\LL2\images\val\0000103_03349_d_0000031.jpg,1,0,3,0,0,0,0,13,0.03394770622253418,0.12943903551424416,lowlight,none,0.0
datasets\VisDrone-LL\LL2\images\val\0000103_03738_d_0000032.jpg,1,3,2,0,0,0,0,25,0.10086014866828918,0.05648995861320307,lowlight,none,0.0
datasets\VisDrone-LL\LL2\images\val\0000103_04122_d_0000033.jpg,0,1,4,0,0,0,0,25,0.02485712617635727,0.06917080911564934,lowlight,none,0.0
datasets\VisDrone-LL\LL2\images\val\0000103_04513_d_0000034.jpg,0,0,2,0,0,0,0,4,0.001535331248305738,0.07408877807178235,lowlight,none,0.0
datasets\VisDrone-LL\LL2\images\val\0000103_04948_d_0000035.jpg,0,0,1,0,0,0,0,2,0.004442923702299595,0.025651280427588186,lowlight,none,0.0
datasets\VisDrone-LL\LL2\images\val\0000115_00315_d_0000080.jpg,3,4,58,0,56,0,47,29,0.09545211493968964,0.025175192144759138,lowlight,none,0.0
datasets\VisDrone-LL\LL2\images\val\0000115_00796_d_0000081.jpg,0,0,78,0,67,0,45,4,0.0025484610814601183,0.01984407528443476,lowlight,none,0.0
datasets\VisDrone-LL\LL2\images\val\0000115_01031_d_0000082.jpg,4,1,59,0,52,0,34,35,0.07543957233428955,0.02240263404744614,lowlight,none,0.0
datasets\VisDrone-LL\LL2\images\val\0000116_00351_d_0000083.jpg,0,1,74,0,65,0,34,62,0.009755951352417469,0.039433120007262165,lowlight,none,0.0
datasets\VisDrone-LL\LL2\images\val\0000116_00819_d_0000084.jpg,0,0,36,0,24,0,14,11,0.0058599356561899185,0.03460452977487291,lowlight,none,0.0
datasets\VisDrone-LL\LL2\images\val\0000116_01059_d_0000085.jpg,2,0,68,0,59,0,51,43,0.035185884684324265,0.035608992979908015,lowlight,none,0.0
datasets\VisDrone-LL\LL2\images\val\0000116_01338_d_0000086.jpg,0,0,54,0,47,0,40,11,0.002363627078011632,0.016320450556765915,lowlight,none,0.0
datasets\VisDrone-LL\LL2\images\val\0000117_00112_d_0000087.jpg,3,3,126,0,112,0,90,138,0.030091872438788414,0.019134182931150163,lowlight,none,0.0
datasets\VisDrone-LL\LL2\images\val\0000117_01326_d_0000088.jpg,5,4,57,0,34,0,28,113,0.047033973038196564,0.023266594296311373,lowlight,none,0.0
datasets\VisDrone-LL\LL2\images\val\0000117_01731_d_0000089.jpg,1,2,46,0,27,0,20,152,0.018051257357001305,0.01724864870977226,lowlight,none,0.0
datasets\VisDrone-LL\LL2\images\val\0000117_02708_d_0000090.jpg,1,0,99,0,64,0,41,90,0.016784651204943657,0.021790325741984605,lowlight,none,0.0
datasets\VisDrone-LL\LL2\images\val\0000117_03096_d_0000091.jpg,2,2,22,0,8,0,0,286,0.018419155851006508,0.01673597258972793,lowlight,none,0.0
datasets\VisDrone-LL\LL2\images\val\0000129_02411_d_0000138.jpg,0,0,186,0,73,0,69,3,0.0017834673635661602,0.053394223931856694,lowlight,none,0.0
datasets\VisDrone-LL\LL2\images\val\0000153_00001_d_0000001.jpg,3,0,52,1,46,0,33,28,0.06201311573386192,0.08427568234083757,lowlight,none,0.0
datasets\VisDrone-LL\LL2\images\val\0000153_00401_d_0000001.jpg,2,2,57,1,46,0,32,111,0.020310308784246445,0.10307061698136044,lowlight,none,0.0
datasets\VisDrone-LL\LL2\images\val\0000153_00801_d_0000001.jpg,2,0,47,1,39,0,32,37,0.02948429062962532,0.1429783572379569,lowlight,none,0.0
datasets\VisDrone-LL\LL2\images\val\0000153_01201_d_0000001.jpg,0,0,59,0,57,0,49,21,0.008119197562336922,0.1316708348462842,lowlight,none,0.0
datasets\VisDrone-LL\LL2\images\val\0000153_01601_d_0000001.jpg,1,3,62,0,57,0,52,105,0.029523462057113647,0.14067659162430404,lowlight,none,0.0
datasets\VisDrone-LL\LL2\images\val\0000153_01801_d_0000001.jpg,0,0,55,0,52,0,46,12,0.018085407093167305,0.15795809882595013,lowlight,none,0.0
datasets\VisDrone-LL\LL2\images\val\0000154_00001_d_0000001.jpg,1,0,50,0,43,0,34,60,0.01680123805999756,0.08548023329702252,lowlight,none,0.0
datasets\VisDrone-LL\LL2\images\val\0000154_00401_d_0000001.jpg,0,0,60,0,51,0,35,24,0.004871339071542025,0.10976710390946502,lowlight,none,0.0
datasets\VisDrone-LL\LL2\images\val\0000154_00801_d_0000001.jpg,0,2,72,0,67,0,53,47,0.023963898420333862,0.14480800653594772,lowlight,none,0.0
datasets\VisDrone-LL\LL2\images\val\0000154_01201_d_0000001.jpg,1,0,80,0,75,0,54,37,0.029358642175793648,0.15981345315904139,lowlight,none,0.0
datasets\VisDrone-LL\LL2\images\val\0000154_01601_d_0000001.jpg,0,0,101,0,86,0,68,11,0.00393682811409235,0.0905054163640765,lowlight,none,0.0
datasets\VisDrone-LL\LL2\images\val\0000154_02001_d_0000001.jpg,1,0,82,1,73,0,60,83,0.022379131987690926,0.11880798384168482,lowlight,none,0.0
datasets\VisDrone-LL\LL2\images\val\0000155_00001_d_0000001.jpg,1,0,96,0,73,0,52,51,0.015185237862169743,0.051069845376422174,lowlight,none,0.0
datasets\VisDrone-LL\LL2\images\val\0000155_00401_d_0000001.jpg,7,2,115,1,105,0,78,278,0.028029214590787888,0.06746253177196805,lowlight,none,0.0
datasets\VisDrone-LL\LL2\images\val\0000155_00801_d_0000001.jpg,0,0,106,0,86,0,72,34,0.013469479978084564,0.03972755537400145,lowlight,none,0.0
datasets\VisDrone-LL\LL2\images\val\0000155_01201_d_0000001.jpg,2,0,92,0,82,0,63,40,0.026377448812127113,0.05100577190752844,lowlight,none,0.0
datasets\VisDrone-LL\LL2\images\val\0000155_01601_d_0000001.jpg,2,1,71,1,62,0,38,76,0.020408784970641136,0.06052240680222706,lowlight,none,0.0
datasets\VisDrone-LL\LL2\images\val\0000155_01871_d_0000001.jpg,0,1,55,0,46,0,37,49,0.014811046421527863,0.07046777414669572,lowlight,none,0.0
datasets\VisDrone-LL\LL2\images\val\0000162_00001_d_0000001.jpg,4,3,30,2,24,0,16,92,0.040389303117990494,0.05187214808763012,lowlight,none,0.0
datasets\VisDrone-LL\LL2\images\val\0000162_00401_d_0000001.jpg,0,0,45,0,39,0,29,64,0.015737347304821014,0.0650063619583636,lowlight,none,0.0
datasets\VisDrone-LL\LL2\images\val\0000162_00801_d_0000001.jpg,0,4,30,0,25,0,14,75,0.031878381967544556,0.056363925199709515,lowlight,none,0.0
datasets\VisDrone-LL\LL2\images\val\0000162_01058_d_0000001.jpg,1,6,56,1,47,0,42,121,0.034417346119880676,0.06302363985717745,lowlight,none,0.0
datasets\VisDrone-LL\LL2\images\val\0000163_00001_d_0000001.jpg,0,0,69,0,58,0,41,37,0.008308316580951214,0.060124288913096104,lowlight,none,0.0
datasets\VisDrone-LL\LL2\images\val\0000163_00359_d_0000001.jpg,1,2,53,0,49,0,48,72,0.03020847588777542,0.09452010711692084,lowlight,none,0.0
datasets\VisDrone-LL\LL2\images\val\0000165_04325_d_0000105.jpg,1,0,28,0,14,0,5,10,0.09927763044834137,0.07652194913459211,lowlight,none,0.0
datasets\VisDrone-LL\LL2\images\val\0000166_00558_d_0000118.jpg,4,0,67,0,19,0,10,108,0.02671617642045021,0.03103398654986686,lowlight,none,0.0
datasets\VisDrone-LL\LL2\images\val\0000193_00000_d_0000103.jpg,0,0,63,0,54,0,40,29,0.005107771139591932,0.06966359537642218,lowlight,none,0.0
datasets\VisDrone-LL\LL2\images\val\0000193_01497_d_0000111.jpg,0,1,87,0,72,0,35,54,0.009607018902897835,0.04709800895666909,lowlight,none,0.0
datasets\VisDrone-LL\LL2\images\val\0000193_01705_d_0000112.jpg,0,0,134,0,117,0,83,34,0.0038309365045279264,0.07077249001452432,lowlight,none,0.0
datasets\VisDrone-LL\LL2\images\val\0000193_01876_d_0000113.jpg,1,0,106,0,97,0,71,81,0.0135003961622715,0.04378272512708787,lowlight,none,0.0
datasets\VisDrone-LL\LL2\images\val\0000193_02029_d_0000114.jpg,1,0,92,0,82,0,56,25,0.019956935197114944,0.04292706820382474,lowlight,none,0.0
datasets\VisDrone-LL\LL2\images\val\0000193_02212_d_0000115.jpg,0,0,78,0,73,0,49,208,0.0066194613464176655,0.08814629478334544,lowlight,none,0.0
datasets\VisDrone-LL\LL2\images\val\0000193_02416_d_0000116.jpg,0,0,50,0,47,0,39,15,0.003929079044610262,0.14507437666424594,lowlight,none,0.0
datasets\VisDrone-LL\LL2\images\val\0000193_02606_d_0000117.jpg,0,0,49,0,48,0,39,5,0.004354336764663458,0.09549940994916485,lowlight,none,0.0
datasets\VisDrone-LL\LL2\images\val\0000193_02725_d_0000118.jpg,0,0,39,0,38,0,30,8,0.003324243938550353,0.09849842653110627,lowlight,none,0.0
datasets\VisDrone-LL\LL2\images\val\0000194_00000_d_0000119.jpg,0,0,54,0,51,0,34,8,0.014748958870768547,0.058739386649721614,lowlight,none,0.0
datasets\VisDrone-LL\LL2\images\val\0000194_00200_d_0000120.jpg,0,0,76,0,67,0,59,11,0.005689308047294617,0.023125574921326556,lowlight,none,0.0
datasets\VisDrone-LL\LL2\images\val\0000194_00399_d_0000121.jpg,0,0,143,0,137,0,106,21,0.003181291511282325,0.025426379811183734,lowlight,none,0.0
datasets\VisDrone-LL\LL2\images\val\0000194_00625_d_0000122.jpg,0,0,83,0,73,0,40,50,0.012368686497211456,0.0400051591624304,lowlight,none,0.0
datasets\VisDrone-LL\LL2\images\val\0000194_00800_d_0000123.jpg,0,0,54,0,41,0,33,23,0.00939332414418459,0.05925122549019608,lowlight,none,0.0
datasets\VisDrone-LL\LL2\images\val\0000194_00998_d_0000124.jpg,0,0,42,0,37,0,25,58,0.008534611202776432,0.1340644290123457,lowlight,none,0.0
datasets\VisDrone-LL\LL2\images\val\0000194_01192_d_0000125.jpg,2,0,21,0,18,0,15,80,0.025182217359542847,0.189469029895909,lowlight,none,0.0
datasets\VisDrone-LL\LL2\images\val\0000196_04512_d_0000144.jpg,0,0,69,0,62,0,40,23,0.01317934226244688,0.06766128056160736,lowlight,none,0.0
datasets\VisDrone-LL\LL2\images\val\0000199_01269_d_0000166.jpg,0,0,16,0,7,0,6,18,0.005672143772244453,0.040862208000484145,lowlight,none,0.0
datasets\VisDrone-LL\LL2\images\val\0000213_02500_d_0000240.jpg,0,0,94,0,85,0,59,12,0.006171877961605787,0.09640224725030343,lowlight,none,0.0
datasets\VisDrone-LL\LL2\images\val\0000213_02965_d_0000241.jpg,0,0,94,0,62,0,36,26,0.003881373442709446,0.08254356544617077,lowlight,none,0.0
datasets\VisDrone-LL\LL2\images\val\0000213_03478_d_0000242.jpg,0,0,115,0,70,0,40,45,0.010645256377756596,0.1048601970584466,lowlight,none,0.0
datasets\VisDrone-LL\LL2\images\val\0000213_03920_d_0000243.jpg,1,0,163,0,98,0,56,51,0.008478892035782337,0.12026516196636286,lowlight,none,0.0
datasets\VisDrone-LL\LL2\images\val\0000213_04405_d_0000244.jpg,0,0,106,0,62,0,41,10,0.005298676900565624,0.11026581782270771,lowlight,none,0.0
datasets\VisDrone-LL\LL2\images\val\0000213_04998_d_0000245.jpg,0,0,137,0,94,0,51,37,0.004207606427371502,0.0671545785557591,lowlight,none,0.0
datasets\VisDrone-LL\LL2\images\val\0000213_05340_d_0000246.jpg,0,0,138,0,95,0,62,24,0.0033069599885493517,0.07031704623410302,lowlight,none,0.0
datasets\VisDrone-LL\LL2\images\val\0000213_05745_d_0000247.jpg,0,0,101,0,55,0,29,84,0.005369550082832575,0.08238137669523789,lowlight,none,0.0
datasets\VisDrone-LL\LL2\images\val\0000215_00000_d_0000256.jpg,0,0,157,0,132,0,112,55,0.008523774333298206,0.06523852439860989,lowlight,none,0.0
datasets\VisDrone-LL\LL2\images\val\0000215_00447_d_0000257.jpg,0,1,53,0,17,0,8,97,0.014885945245623589,0.0534619000233696,lowlight,none,0.0
datasets\VisDrone-LL\LL2\images\val\0000215_00909_d_0000258.jpg,1,1,92,0,54,0,22,110,0.017564207315444946,0.05184087191200971,lowlight,none,0.0
datasets\VisDrone-LL\LL2\images\val\0000215_01395_d_0000259.jpg,1,0,55,0,23,0,5,66,0.007758937310427427,0.04685248509246066,lowlight,none,0.0
datasets\VisDrone-LL\LL2\images\val\0000215_01869_d_0000260.jpg,0,1,78,0,50,0,27,64,0.020161952823400497,0.07866993087123353,lowlight,none,0.0
datasets\VisDrone-LL\LL2\images\val\0000215_02319_d_0000261.jpg,0,0,107,0,73,0,44,47,0.00475769629701972,0.0776730556120949,lowlight,none,0.0
datasets\VisDrone-LL\LL2\images\val\0000215_02667_d_0000262.jpg,1,0,82,0,48,0,25,124,0.019862689077854156,0.08424814362500094,lowlight,none,0.0
datasets\VisDrone-LL\LL2\images\val\0000215_02932_d_0000263.jpg,2,1,46,0,18,0,8,124,0.01733194850385189,0.06992923159267551,lowlight,none,0.0
datasets\VisDrone-LL\LL2\images\val\0000215_03226_d_0000264.jpg,0,0,23,0,12,0,10,6,0.007159473840147257,0.04030697469299139,lowlight,none,0.0
datasets\VisDrone-LL\LL2\images\val\0000216_00520_d_0000001.jpg,0,0,109,0,78,0,55,5,0.0027429156471043825,0.05310371199614025,lowlight,none,0.0
datasets\VisDrone-LL\LL2\images\val\0000220_01242_d_0000004.jpg,0,0,37,0,25,0,13,6,0.003030984429642558,0.07797472804708303,lowlight,none,0.0
datasets\VisDrone-LL\LL2\images\val\0000223_01802_d_0000005.jpg,1,4,63,0,41,0,27,35,0.09461206942796707,0.1217147633744856,lowlight,none,0.0
datasets\VisDrone-LL\LL2\images\val\0000237_00001_d_0000001.jpg,1,0,14,0,13,0,8,36,0.01600095070898533,0.10368432280319535,lowlight,none,0.0
datasets\VisDrone-LL\LL2\images\val\0000242_00001_d_0000001.jpg,3,3,39,1,27,0,23,95,0.042425960302352905,0.08438489469862019,lowlight,none,0.0
datasets\VisDrone-LL\LL2\images\val\0000242_00500_d_0000002.jpg,1,1,52,0,41,0,30,43,0.04268905147910118,0.11818482964173324,lowlight,none,0.0
datasets\VisDrone-LL\LL2\images\val\0000242_00627_d_0000003.jpg,1,5,44,0,38,0,30,58,0.06043235585093498,0.057488751210360685,lowlight,none,0.0
datasets\VisDrone-LL\LL2\images\val\0000242_00843_d_0000004.jpg,0,0,2,0,0,0,0,10,0.01947115920484066,0.0580582864318567,lowlight,none,0.0
datasets\VisDrone-LL\LL2\images\val\0000242_00963_d_0000005.jpg,0,0,13,0,5,0,0,20,0.004168712068349123,0.03846157861292665,lowlight,none,0.0
datasets\VisDrone-LL\LL2\images\val\0000242_01139_d_0000006.jpg,1,3,71,0,65,0,54,77,0.041656456887722015,0.1078526612805616,lowlight,none,0.0
datasets\VisDrone-LL\LL2\images\val\0000242_01475_d_0000007.jpg,5,0,60,1,44,0,29,127,0.036675095558166504,0.08256992102396514,lowlight,none,0.0
datasets\VisDrone-LL\LL2\images\val\0000242_01912_d_0000008.jpg,1,2,49,0,49,0,43,20,0.09718383103609085,0.08508557250060518,lowlight,none,0.0
datasets\VisDrone-LL\LL2\images\val\0000242_02400_d_0000009.jpg,2,4,32,1,28,0,21,123,0.03498953580856323,0.06839045479302833,lowlight,none,0.0
datasets\VisDrone-LL\LL2\images\val\0000242_02762_d_0000010.jpg,0,0,33,0,24,0,9,19,0.003239980898797512,0.05753068264342774,lowlight,none,0.0
datasets\VisDrone-LL\LL2\images\val\0000242_03199_d_0000011.jpg,1,1,8,0,6,0,1,21,0.04235393553972244,0.08505471586782862,lowlight,none,0.0
datasets\VisDrone-LL\LL2\images\val\0000242_03668_d_0000012.jpg,0,0,41,0,29,0,20,28,0.005369521211832762,0.11303743040426048,lowlight,none,0.0
datasets\VisDrone-LL\LL2\images\val\0000242_04116_d_0000013.jpg,0,0,8,0,5,0,4,43,0.011847673915326595,0.04832117677317841,lowlight,none,0.0
datasets\VisDrone-LL\LL2\images\val\0000242_04600_d_0000014.jpg,3,0,26,0,14,0,8,77,0.031792644411325455,0.05757043542725732,lowlight,none,0.0
datasets\VisDrone-LL\LL2\images\val\0000242_05059_d_0000015.jpg,0,0,37,0,36,0,28,7,0.008990950882434845,0.06167324043815057,lowlight,none,0.0
datasets\VisDrone-LL\LL2\images\val\0000242_05570_d_0000016.jpg,0,0,32,0,30,0,20,30,0.005093835294246674,0.08132250060518034,lowlight,none,0.0
datasets\VisDrone-LL\LL2\images\val\0000242_06010_d_0000017.jpg,0,0,41,0,40,0,38,1,0.0038118024822324514,0.07611976519002663,lowlight,none,0.0
datasets\VisDrone-LL\LL2\images\val\0000242_06452_d_0000018.jpg,1,1,11,0,10,0,5,60,0.027940919622778893,0.06260278231663036,lowlight,none,0.0
datasets\VisDrone-LL\LL2\images\val\0000244_00001_d_0000001.jpg,3,5,43,1,38,0,29,140,0.04314595088362694,0.05839621157104818,lowlight,none,0.0
datasets\VisDrone-LL\LL2\images\val\0000244_00500_d_0000002.jpg,1,0,31,0,28,0,21,26,0.04324602708220482,0.09407679738562091,lowlight,none,0.0
datasets\VisDrone-LL\LL2\images\val\0000244_01000_d_0000003.jpg,2,2,120,1,114,0,99,87,0.03882327303290367,0.07758309882595013,lowlight,none,0.0
datasets\VisDrone-LL\LL2\images\val\0000244_01500_d_0000004.jpg,1,3,95,1,91,0,56,82,0.02558376081287861,0.08609622367465505,lowlight,none,0.0
datasets\VisDrone-LL\LL2\images\val\0000244_02000_d_0000005.jpg,2,10,127,2,120,0,100,120,0.05591243505477905,0.08992010862987171,lowlight,none,0.0
datasets\VisDrone-LL\LL2\images\val\0000244_02500_d_0000006.jpg,1,11,112,1,101,0,84,214,0.03608301281929016,0.14038428195352215,lowlight,none,0.0
datasets\VisDrone-LL\LL2\images\val\0000244_03000_d_0000007.jpg,0,0,44,0,39,0,28,23,0.008727414533495903,0.10950607449770032,lowlight,none,0.0
datasets\VisDrone-LL\LL2\images\val\0000244_03500_d_0000008.jpg,0,0,146,0,129,0,109,11,0.006616468541324139,0.09489852638586298,lowlight,none,0.0
datasets\VisDrone-LL\LL2\images\val\0000244_04000_d_0000009.jpg,6,0,50,2,39,0,30,190,0.02391272597014904,0.09722183641975309,lowlight,none,0.0
datasets\VisDrone-LL\LL2\images\val\0000244_04400_d_0000010.jpg,0,0,101,0,78,0,49,8,0.003512216731905937,0.07870241769547326,lowlight,none,0.0
datasets\VisDrone-LL\LL2\images\val\0000244_04900_d_0000011.jpg,10,23,96,6,68,0,41,365,0.05812649801373482,0.08561942477608328,lowlight,none,0.0
datasets\VisDrone-LL\LL2\images\val\0000244_05400_d_0000012.jpg,5,12,85,3,75,0,54,207,0.047889284789562225,0.07211682250060518,lowlight,none,0.0
datasets\VisDrone-LL\LL2\images\val\0000244_05900_d_0000013.jpg,0,0,66,0,65,0,50,64,0.013071366585791111,0.07798873608085209,lowlight,none,0.0
datasets\VisDrone-LL\LL2\images\val\0000244_06388_d_0000014.jpg,0,1,46,0,46,0,39,12,0.030959703028202057,0.06556827190752845,lowlight,none,0.0
datasets\VisDrone-LL\LL2\images\val\0000249_00001_d_0000001.jpg,0,0,80,0,72,0,62,4,0.0013137549394741654,0.06559152596223675,lowlight,none,0.0
datasets\VisDrone-LL\LL2\images\val\0000249_00235_d_0000002.jpg,4,8,81,2,69,0,55,153,0.0533740296959877,0.07806231844589688,lowlight,none,0.0
datasets\VisDrone-LL\LL2\images\val\0000249_00603_d_0000003.jpg,1,3,47,0,45,0,36,25,0.10137585550546646,0.1213700753449528,lowlight,none,0.0
datasets\VisDrone-LL\LL2\images\val\0000249_01100_d_0000004.jpg,1,3,26,0,23,0,16,31,0.05511941388249397,0.08319452009198741,lowlight,none,0.0
datasets\VisDrone-LL\LL2\images\val\0000249_01514_d_0000005.jpg,1,0,50,0,36,0,24,30,0.03462396562099457,0.08709968833212298,lowlight,none,0.0
datasets\VisDrone-LL\LL2\images\val\0000249_01635_d_0000006.jpg,3,1,77,1,70,0,61,87,0.03190210461616516,0.07811056644880175,lowlight,none,0.0
datasets\VisDrone-LL\LL2\images\val\0000249_02073_d_0000007.jpg,1,3,66,0,61,0,55,29,0.08225560188293457,0.07065562212539336,lowlight,none,0.0
datasets\VisDrone-LL\LL2\images\val\0000249_02468_d_0000008.jpg,0,0,18,0,11,0,6,24,0.0037348754703998566,0.07200428165093198,lowlight,none,0.0
datasets\VisDrone-LL\LL2\images\val\0000249_02900_d_0000009.jpg,0,0,101,0,89,0,70,85,0.009141670539975166,0.09269445200919874,lowlight,none,0.0
datasets\VisDrone-LL\LL2\images\val\0000249_03400_d_0000010.jpg,9,12,83,2,77,0,52,356,0.044340286403894424,0.09606920237230694,lowlight,none,0.0
datasets\VisDrone-LL\LL2\images\val\0000249_03900_d_0000011.jpg,1,0,84,0,73,0,52,35,0.03320055827498436,0.0818085133744856,lowlight,none,0.0
datasets\VisDrone-LL\LL2\images\val\0000253_00001_d_0000001.jpg,0,0,106,0,106,0,96,0,0.0,0.05287251876059065,lowlight,none,0.0
datasets\VisDrone-LL\LL2\images\val\0000256_00715_d_0000019.jpg,0,0,90,0,76,0,51,1,0.0015064332401379943,0.08334389865134828,lowlight,none,0.0
datasets\VisDrone-LL\LL2\images\val\0000256_02173_d_0000030.jpg,0,4,47,0,28,0,14,79,0.038817472755908966,0.08386812387392481,lowlight,none,0.0
datasets\VisDrone-LL\LL2\images\val\0000263_02401_d_0000179.jpg,0,0,17,0,6,0,2,40,0.010773568414151669,0.14602953992054338,lowlight,none,0.0
datasets\VisDrone-LL\LL2\images\val\0000269_00001_d_0000348.jpg,0,0,128,0,106,0,89,62,0.012158727273344994,0.10087867034549307,lowlight,none,0.0
datasets\VisDrone-LL\LL2\images\val\0000269_00201_d_0000349.jpg,0,0,47,0,27,0,11,83,0.011183135211467743,0.0618601970584466,lowlight,none,0.0
datasets\VisDrone-LL\LL2\images\val\0000269_00601_d_0000351.jpg,0,0,93,0,72,0,42,65,0.006651401054114103,0.07158737589614854,lowlight,none,0.0
datasets\VisDrone-LL\LL2\images\val\0000271_00001_d_0000374.jpg,0,0,58,0,39,0,15,78,0.009401668794453144,0.06216824222961003,lowlight,none,0.0
datasets\VisDrone-LL\LL2\images\val\0000271_00201_d_0000375.jpg,0,0,75,0,48,0,16,28,0.00824196357280016,0.09543983837287318,lowlight,none,0.0
datasets\VisDrone-LL\LL2\images\val\0000271_00401_d_0000376.jpg,0,0,25,0,16,0,6,22,0.0031736018136143684,0.05994654016931648,lowlight,none,0.0
datasets\VisDrone-LL\LL2\images\val\0000271_00601_d_0000377.jpg,0,0,79,0,61,0,28,55,0.004763214848935604,0.05308968647051285,lowlight,none,0.0
datasets\VisDrone-LL\LL2\images\val\0000271_00801_d_0000378.jpg,0,0,63,0,48,0,31,8,0.00338772963732481,0.0641111789583192,lowlight,none,0.0
datasets\VisDrone-LL\LL2\images\val\0000271_01201_d_0000379.jpg,3,3,56,0,36,0,19,175,0.0294705368578434,0.07277276085366866,lowlight,none,0.0
datasets\VisDrone-LL\LL2\images\val\0000271_01401_d_0000380.jpg,0,0,55,0,36,0,20,10,0.0031416774727404118,0.07869643651385967,lowlight,none,0.0
datasets\VisDrone-LL\LL2\images\val\0000271_01601_d_0000381.jpg,0,1,48,0,34,0,12,69,0.0197808388620615,0.09658517840046438,lowlight,none,0.0
datasets\VisDrone-LL\LL2\images\val\0000271_02401_d_0000385.jpg,4,4,80,0,58,0,37,282,0.023359406739473343,0.10557721766138212,lowlight,none,0.0
datasets\VisDrone-LL\LL2\images\val\0000271_02601_d_0000386.jpg,0,0,79,0,51,0,26,53,0.005639067385345697,0.039785410588687606,lowlight,none,0.0
datasets\VisDrone-LL\LL2\images\val\0000271_03001_d_0000387.jpg,0,0,56,0,44,0,33,33,0.005925453267991543,0.07983788286556452,lowlight,none,0.0
datasets\VisDrone-LL\LL2\images\val\0000271_03801_d_0000391.jpg,1,0,56,0,41,0,24,25,0.03423043340444565,0.06612552864282968,lowlight,none,0.0
datasets\VisDrone-LL\LL2\images\val\0000271_04401_d_0000394.jpg,0,1,86,0,60,0,35,49,0.01382979191839695,0.045148653232919465,lowlight,none,0.0
datasets\VisDrone-LL\LL2\images\val\0000271_04801_d_0000396.jpg,1,1,49,0,33,0,23,76,0.03407325968146324,0.0817425537689124,lowlight,none,0.0
datasets\VisDrone-LL\LL2\images\val\0000271_05001_d_0000397.jpg,0,0,90,0,78,0,44,13,0.003111074445769191,0.07733666161581897,lowlight,none,0.0
datasets\VisDrone-LL\LL2\images\val\0000271_05201_d_0000398.jpg,0,0,70,0,44,0,22,48,0.010609137825667858,0.09060746620832108,lowlight,none,0.0
datasets\VisDrone-LL\LL2\images\val\0000271_05401_d_0000399.jpg,1,0,70,0,50,0,28,45,0.019596301019191742,0.07976127205976585,lowlight,none,0.0
datasets\VisDrone-LL\LL2\images\val\0000271_05601_d_0000400.jpg,4,0,82,0,67,0,37,62,0.03448621556162834,0.08243142908835968,lowlight,none,0.0
datasets\VisDrone-LL\LL2\images\val\0000271_05801_d_0000401.jpg,2,0,102,0,64,0,22,114,0.02312837541103363,0.06437729832417396,lowlight,none,0.0
datasets\VisDrone-LL\LL2\images\val\0000271_06001_d_0000402.jpg,0,1,158,0,106,0,59,218,0.01062709465622902,0.056971971564481236,lowlight,none,0.0
datasets\VisDrone-LL\LL2\images\val\0000271_06201_d_0000403.jpg,1,0,141,0,87,0,49,122,0.01073391642421484,0.06098724095559024,lowlight,none,0.0
datasets\VisDrone-LL\LL2\images\val\0000271_06401_d_0000404.jpg,0,0,128,0,74,0,40,127,0.008510323241353035,0.05752685995582393,lowlight,none,0.0
datasets\VisDrone-LL\LL2\images\val\0000271_06601_d_0000405.jpg,3,4,102,0,42,0,20,259,0.021041767671704292,0.07910525740476891,lowlight,none,0.0
datasets\VisDrone-LL\LL2\images\val\0000271_06801_d_0000406.jpg,0,1,95,0,45,0,32,104,0.012823130004107952,0.07358834460350845,lowlight,none,0.0
datasets\VisDrone-LL\LL2\images\val\0000271_07001_d_0000407.jpg,0,0,58,0,42,0,34,52,0.0029807130340486765,0.07293803665256952,lowlight,none,0.0
datasets\VisDrone-LL\LL2\images\val\0000271_07201_d_0000408.jpg,0,0,25,0,22,0,18,15,0.003484563436359167,0.041762681773978336,lowlight,none,0.0
datasets\VisDrone-LL\LL2\images\val\0000271_07401_d_0000409.jpg,1,0,41,0,17,0,11,76,0.011797644197940826,0.07563019879231969,lowlight,none,0.0
datasets\VisDrone-LL\LL2\images\val\0000273_05601_d_0000466.jpg,0,0,32,0,7,0,0,11,0.005683594848960638,0.1528448183579468,lowlight,none,0.0
datasets\VisDrone-LL\LL2\images\val\0000276_00001_d_0000507.jpg,0,0,55,0,43,0,32,53,0.006581932306289673,0.06483052144348704,lowlight,none,0.0
datasets\VisDrone-LL\LL2\images\val\0000276_00401_d_0000509.jpg,0,0,62,0,50,0,40,34,0.00368247227743268,0.0823268049241996,lowlight,none,0.0
datasets\VisDrone-LL\LL2\images\val\0000276_00601_d_0000510.jpg,0,2,37,0,28,0,21,48,0.02965620905160904,0.08498142117285207,lowlight,none,0.0
datasets\VisDrone-LL\LL2\images\val\0000276_01001_d_0000512.jpg,0,0,42,0,30,0,21,73,0.003686128882691264,0.059051017331192376,lowlight,none,0.0
datasets\VisDrone-LL\LL2\images\val\0000276_01201_d_0000513.jpg,0,0,29,0,20,0,14,45,0.010022890754044056,0.08029633398918967,lowlight,none,0.0
datasets\VisDrone-LL\LL2\images\val\0000276_01401_d_0000514.jpg,0,0,25,0,18,0,12,32,0.0065835462883114815,0.07472367339861744,lowlight,none,0.0
datasets\VisDrone-LL\LL2\images\val\0000276_01801_d_0000516.jpg,0,0,21,0,19,0,17,22,0.0027184905484318733,0.08663051541262409,lowlight,none,0.0
datasets\VisDrone-LL\LL2\images\val\0000276_02001_d_0000517.jpg,0,0,15,0,15,0,5,2,0.0019169417209923267,0.09927950034300533,lowlight,none,0.0
datasets\VisDrone-LL\LL2\images\val\0000276_02201_d_0000518.jpg,0,0,41,0,29,0,23,43,0.014034234918653965,0.0847722934617907,lowlight,none,0.0
datasets\VisDrone-LL\LL2\images\val\0000276_02401_d_0000519.jpg,1,2,47,0,40,0,35,67,0.026523752138018608,0.09652543893374343,lowlight,none,0.0
datasets\VisDrone-LL\LL2\images\val\0000276_02601_d_0000520.jpg,0,3,32,0,26,0,22,98,0.021400926634669304,0.10159824275731054,lowlight,none,0.0
datasets\VisDrone-LL\LL2\images\val\0000276_02801_d_0000521.jpg,0,0,37,0,32,0,25,33,0.006478847004473209,0.08740619746552986,lowlight,none,0.0
datasets\VisDrone-LL\LL2\images\val\0000276_03001_d_0000522.jpg,0,0,38,0,30,0,22,53,0.01110608596354723,0.1593156553663372,lowlight,none,0.0
datasets\VisDrone-LL\LL2\images\val\0000276_03201_d_0000523.jpg,0,2,60,0,54,0,49,36,0.03560918942093849,0.11345529999773843,lowlight,none,0.0
datasets\VisDrone-LL\LL2\images\val\0000276_03401_d_0000524.jpg,0,0,61,0,54,0,42,29,0.005397012457251549,0.09181807901938169,lowlight,none,0.0
datasets\VisDrone-LL\LL2\images\val\0000276_03601_d_0000525.jpg,0,0,46,0,35,0,26,32,0.007822115905582905,0.10865608627149437,lowlight,none,0.0
datasets\VisDrone-LL\LL2\images\val\0000276_03801_d_0000526.jpg,0,0,64,0,42,0,30,67,0.009454690851271152,0.13788305779828272,lowlight,none,0.0
datasets\VisDrone-LL\LL2\images\val\0000276_04001_d_0000527.jpg,0,0,54,0,40,0,30,27,0.008278564549982548,0.07374532796586532,lowlight,none,0.0
datasets\VisDrone-LL\LL2\images\val\0000276_04201_d_0000528.jpg,1,0,58,0,26,0,4,211,0.012778245843946934,0.10027675630036713,lowlight,none,0.0
datasets\VisDrone-LL\LL2\images\val\0000276_04401_d_0000529.jpg,9,3,31,0,6,0,1,288,0.03089466691017151,0.05582517282191615,lowlight,none,0.0
datasets\VisDrone-LL\LL2\images\val\0000276_04601_d_0000530.jpg,0,0,10,0,8,0,2,28,0.004484632518142462,0.06961694597100662,lowlight,none,0.0
datasets\VisDrone-LL\LL2\images\val\0000276_04801_d_0000531.jpg,0,0,10,0,6,0,5,8,0.001459931256249547,0.07061121288192325,lowlight,none,0.0
datasets\VisDrone-LL\LL2\images\val\0000276_05001_d_0000532.jpg,0,0,7,0,5,0,3,3,0.007040578871965408,0.09433009928308117,lowlight,none,0.0
datasets\VisDrone-LL\LL2\images\val\0000276_05201_d_0000533.jpg,0,0,6,0,3,0,2,3,0.0034711528569459915,0.10377259123564844,lowlight,none,0.0
datasets\VisDrone-LL\LL2\images\val\0000276_05601_d_0000535.jpg,0,0,10,0,10,0,7,6,0.0022429772652685642,0.13519813269406186,lowlight,none,0.0
datasets\VisDrone-LL\LL2\images\val\0000276_05801_d_0000536.jpg,0,0,7,0,7,0,3,7,0.003906280267983675,0.07051535608476377,lowlight,none,0.0
datasets\VisDrone-LL\LL2\images\val\0000276_06001_d_0000537.jpg,0,0,14,0,12,0,6,20,0.008609378710389137,0.04785413227190145,lowlight,none,0.0
datasets\VisDrone-LL\LL2\images\val\0000277_00001_d_0000539.jpg,0,0,85,0,65,0,47,5,0.003029934596270323,0.10536064937316719,lowlight,none,0.0
datasets\VisDrone-LL\LL2\images\val\0000277_00201_d_0000540.jpg,0,0,83,0,51,0,35,99,0.006609095260500908,0.08997168132920219,lowlight,none,0.0
datasets\VisDrone-LL\LL2\images\val\0000277_00401_d_0000541.jpg,0,0,117,0,93,0,67,54,0.007782150059938431,0.0903613919231668,lowlight,none,0.0
datasets\VisDrone-LL\LL2\images\val\0000277_01401_d_0000546.jpg,0,0,78,0,42,0,29,42,0.0032836468890309334,0.0939538375134752,lowlight,none,0.0
datasets\VisDrone-LL\LL2\images\val\0000277_01601_d_0000547.jpg,0,0,78,0,45,0,27,65,0.012435576878488064,0.07365918085804102,lowlight,none,0.0
datasets\VisDrone-LL\LL2\images\val\0000277_01801_d_0000548.jpg,0,0,101,0,62,0,43,107,0.006785382051020861,0.07202678080074783,lowlight,none,0.0
datasets\VisDrone-LL\LL2\images\val\0000277_02001_d_0000549.jpg,7,6,76,0,36,0,17,181,0.05016142874956131,0.0913842300472669,lowlight,none,0.0
datasets\VisDrone-LL\LL2\images\val\0000277_02201_d_0000550.jpg,1,0,67,0,33,0,15,113,0.0128225889056921,0.06593496091246956,lowlight,none,0.0
datasets\VisDrone-LL\LL2\images\val\0000277_02401_d_0000551.jpg,4,5,86,0,62,0,43,250,0.03068438358604908,0.07676473980595698,lowlight,none,0.0
datasets\VisDrone-LL\LL2\images\val\0000277_02601_d_0000552.jpg,1,1,120,0,94,0,69,120,0.019485466182231903,0.06080656384045352,lowlight,none,0.0
datasets\VisDrone-LL\LL2\images\val\0000277_03201_d_0000554.jpg,8,4,77,0,60,0,42,193,0.03850919008255005,0.07436984266986303,lowlight,none,0.0
datasets\VisDrone-LL\LL2\images\val\0000277_03401_d_0000555.jpg,12,6,91,0,72,0,51,311,0.050252318382263184,0.11556407414945986,lowlight,none,0.0
datasets\VisDrone-LL\LL2\images\val\0000277_03601_d_0000556.jpg,2,1,57,0,25,0,17,87,0.025314953178167343,0.11086527429118515,lowlight,none,0.0
datasets\VisDrone-LL\LL2\images\val\0000277_04001_d_0000558.jpg,7,5,67,0,52,0,32,303,0.035333823412656784,0.11360208366314616,lowlight,none,0.0
datasets\VisDrone-LL\LL2\images\val\0000277_04201_d_0000559.jpg,0,1,67,0,39,0,13,150,0.009741363115608692,0.08201260827283624,lowlight,none,0.0
datasets\VisDrone-LL\LL2\images\val\0000277_04401_d_0000560.jpg,3,3,67,0,34,0,16,141,0.028753088787198067,0.05310712320299131,lowlight,none,0.0
datasets\VisDrone-LL\LL2\images\val\0000277_04601_d_0000561.jpg,0,0,95,0,63,0,41,56,0.006744744721800089,0.10397116116727352,lowlight,none,0.0
datasets\VisDrone-LL\LL2\images\val\0000277_05001_d_0000562.jpg,7,11,90,0,61,0,39,295,0.04053400456905365,0.09180768331938696,lowlight,none,0.0
datasets\VisDrone-LL\LL2\images\val\0000280_00001_d_0000612.jpg,5,7,82,0,65,0,26,236,0.03225533291697502,0.08161999155679188,lowlight,none,0.0
datasets\VisDrone-LL\LL2\images\val\0000280_00201_d_0000613.jpg,1,0,46,0,21,0,9,92,0.017265982925891876,0.06169116704736489,lowlight,none,0.0
datasets\VisDrone-LL\LL2\images\val\0000280_00401_d_0000614.jpg,2,1,57,0,36,0,19,101,0.027765857055783272,0.04884204793028322,lowlight,none,0.0
datasets\VisDrone-LL\LL2\images\val\0000280_00601_d_0000615.jpg,0,0,74,0,57,0,36,82,0.014371288940310478,0.06981916834400043,lowlight,none,0.0
datasets\VisDrone-LL\LL2\images\val\0000280_00801_d_0000616.jpg,1,1,69,0,46,0,28,41,0.03129160776734352,0.09985531959804299,lowlight,none,0.0
datasets\VisDrone-LL\LL2\images\val\0000280_01001_d_0000617.jpg,2,4,123,0,102,0,69,108,0.027935639023780823,0.08174007734581722,lowlight,none,0.0
datasets\VisDrone-LL\LL2\images\val\0000280_01201_d_0000618.jpg,1,3,133,0,98,0,78,113,0.025934534147381783,0.1015516317253545,lowlight,none,0.0
datasets\VisDrone-LL\LL2\images\val\0000280_01401_d_0000619.jpg,0,1,110,0,73,0,39,45,0.022758880630135536,0.06479242146685663,lowlight,none,0.0
datasets\VisDrone-LL\LL2\images\val\0000280_01601_d_0000620.jpg,2,0,101,0,70,0,43,85,0.03182847425341606,0.10153972454033516,lowlight,none,0.0
datasets\VisDrone-LL\LL2\images\val\0000280_01801_d_0000621.jpg,2,2,88,0,72,0,52,107,0.024642338976264,0.07589303133787155,lowlight,none,0.0
datasets\VisDrone-LL\LL2\images\val\0000280_02001_d_0000622.jpg,4,1,62,0,44,0,22,116,0.026847487315535545,0.08898184333325795,lowlight,none,0.0
datasets\VisDrone-LL\LL2\images\val\0000280_02201_d_0000623.jpg,0,0,80,0,57,0,34,65,0.01636253111064434,0.07183002766658374,lowlight,none,0.0
datasets\VisDrone-LL\LL2\images\val\0000280_02401_d_0000624.jpg,1,2,91,0,67,0,53,77,0.040852684527635574,0.08149138717386224,lowlight,none,0.0
datasets\VisDrone-LL\LL2\images\val\0000280_02601_d_0000625.jpg,1,0,72,0,48,0,37,69,0.018315250054001808,0.058588894919751826,lowlight,none,0.0
datasets\VisDrone-LL\LL2\images\val\0000280_02801_d_0000626.jpg,0,1,55,0,31,0,25,97,0.015221438370645046,0.10147797604239696,lowlight,none,0.0
datasets\VisDrone-LL\LL2\images\val\0000280_03001_d_0000627.jpg,0,0,88,0,60,0,41,27,0.005659445654600859,0.07933370272368848,lowlight,none,0.0
datasets\VisDrone-LL\LL2\images\val\0000280_03201_d_0000628.jpg,0,0,82,0,52,0,30,37,0.0052504343912005424,0.108724125713338,lowlight,none,0.0
datasets\VisDrone-LL\LL2\images\val\0000280_03401_d_0000629.jpg,5,2,78,0,56,0,34,75,0.04297511652112007,0.05210391930705385,lowlight,none,0.0
datasets\VisDrone-LL\LL2\images\val\0000283_00401_d_0000676.jpg,0,0,6,0,1,0,0,6,0.0014811567962169647,0.20313789034132174,lowlight,none,0.0
datasets\VisDrone-LL\LL2\images\val\0000283_00601_d_0000677.jpg,0,0,9,0,7,0,4,13,0.0027196104638278484,0.16971779116739288,lowlight,none,0.0
datasets\VisDrone-LL\LL2\images\val\0000283_00801_d_0000678.jpg,0,1,8,0,7,0,6,47,0.009278077632188797,0.16728145424836602,lowlight,none,0.0
datasets\VisDrone-LL\LL2\images\val\0000283_01001_d_0000679.jpg,0,0,4,0,0,0,0,0,0.0,0.2061468621399177,lowlight,none,0.0
datasets\VisDrone-LL\LL2\images\val\0000287_00001_d_0000759.jpg,5,2,47,0,37,0,18,83,0.05256890133023262,0.07985802971707714,lowlight,none,0.0
datasets\VisDrone-LL\LL2\images\val\0000287_00201_d_0000760.jpg,7,1,44,0,28,0,11,146,0.04805271327495575,0.15341736586983892,lowlight,none,0.0
datasets\VisDrone-LL\LL2\images\val\0000287_00401_d_0000761.jpg,9,2,35,0,22,0,12,143,0.048634741455316544,0.13201114955786236,lowlight,none,0.0
datasets\VisDrone-LL\LL2\images\val\0000287_00601_d_0000762.jpg,7,3,86,0,72,0,56,185,0.04270163178443909,0.09481592675516959,lowlight,none,0.0
datasets\VisDrone-LL\LL2\images\val\0000287_00801_d_0000763.jpg,0,0,58,0,34,0,16,80,0.009980459697544575,0.12566533987681963,lowlight,none,0.0
datasets\VisDrone-LL\LL2\images\val\0000287_01001_d_0000764.jpg,2,4,69,0,49,0,31,175,0.029591025784611702,0.21461303721796293,lowlight,none,0.0
datasets\VisDrone-LL\LL2\images\val\0000287_01201_d_0000765.jpg,2,1,66,0,45,0,26,82,0.022015606984496117,0.13714315007048572,lowlight,none,0.0
datasets\VisDrone-LL\LL2\images\val\0000287_01401_d_0000766.jpg,0,0,68,0,47,0,29,53,0.008279138244688511,0.20352636617892061,lowlight,none,0.0
datasets\VisDrone-LL\LL2\images\val\0000287_01601_d_0000767.jpg,0,0,74,0,58,0,44,34,0.02269107848405838,0.21668645543569215,lowlight,none,0.0
datasets\VisDrone-LL\LL2\images\val\0000287_01801_d_0000768.jpg,1,0,55,0,39,0,16,37,0.017281383275985718,0.17153307928323192,lowlight,none,0.0
datasets\VisDrone-LL\LL2\images\val\0000287_02001_d_0000769.jpg,0,1,44,0,28,0,14,19,0.019657138735055923,0.1058257193688702,lowlight,none,0.0
datasets\VisDrone-LL\LL2\images\val\0000287_02201_d_0000770.jpg,0,0,27,0,15,0,12,4,0.0018773804185912013,0.10289314064726236,lowlight,none,0.0
datasets\VisDrone-LL\LL2\images\val\0000287_02401_d_0000771.jpg,0,0,18,0,6,0,1,38,0.006874646060168743,0.049094710933200655,lowlight,none,0.0
datasets\VisDrone-LL\LL2\images\val\0000287_02601_d_0000772.jpg,0,1,44,0,24,0,18,42,0.017334166914224625,0.09842689840257518,lowlight,none,0.0
datasets\VisDrone-LL\LL2\images\val\0000287_02801_d_0000773.jpg,0,0,60,0,32,0,20,44,0.004033079370856285,0.1406778916103158,lowlight,none,0.0
datasets\VisDrone-LL\LL2\images\val\0000287_03001_d_0000774.jpg,0,0,18,0,4,0,4,16,0.006581132300198078,0.12085991436174623,lowlight,none,0.0
datasets\VisDrone-LL\LL2\images\val\0000287_03401_d_0000776.jpg,0,0,56,0,12,0,8,47,0.007368240039795637,0.03648471176244431,lowlight,none,0.0
datasets\VisDrone-LL\LL2\images\val\0000287_04601_d_0000780.jpg,0,0,88,0,51,0,37,37,0.0055869994685053825,0.05515543418443886,lowlight,none,0.0
datasets\VisDrone-LL\LL2\images\val\0000287_04801_d_0000781.jpg,0,1,53,0,25,0,17,42,0.025236396118998528,0.08975791739225486,lowlight,none,0.0
datasets\VisDrone-LL\LL2\images\val\0000287_05001_d_0000782.jpg,0,0,62,0,36,0,32,33,0.004093223251402378,0.10022990026460411,lowlight,none,0.0
datasets\VisDrone-LL\LL2\images\val\0000289_00001_d_0000811.jpg,0,1,41,0,22,0,12,44,0.012129191309213638,0.19066884154661481,lowlight,none,0.0
datasets\VisDrone-LL\LL2\images\val\0000289_00201_d_0000812.jpg,0,0,43,0,20,0,12,28,0.00697557395324111,0.14124440825926682,lowlight,none,0.0
datasets\VisDrone-LL\LL2\images\val\0000289_00401_d_0000813.jpg,0,0,53,0,20,0,8,43,0.0049350811168551445,0.2132883920965541,lowlight,none,0.0
datasets\VisDrone-LL\LL2\images\val\0000289_00601_d_0000814.jpg,0,0,43,0,12,0,5,50,0.004891826771199703,0.16249913306345223,lowlight,none,0.0
datasets\VisDrone-LL\LL2\images\val\0000289_00801_d_0000815.jpg,0,0,39,0,11,0,5,36,0.0037711160257458687,0.24413635027251962,lowlight,none,0.0
datasets\VisDrone-LL\LL2\images\val\0000289_01001_d_0000816.jpg,0,0,33,0,7,0,2,25,0.008149507455527782,0.17117310838214564,lowlight,none,0.0
datasets\VisDrone-LL\LL2\images\val\0000289_01201_d_0000817.jpg,0,0,43,0,18,0,6,25,0.005403661169111729,0.1825391855319598,lowlight,none,0.0
datasets\VisDrone-LL\LL2\images\val\0000289_01401_d_0000818.jpg,0,0,39,0,9,0,3,41,0.004531081300228834,0.18959625257253998,lowlight,none,0.0
datasets\VisDrone-LL\LL2\images\val\0000289_01601_d_0000819.jpg,0,0,44,0,20,0,11,15,0.0017606527544558048,0.2574520810246436,lowlight,none,0.0
datasets\VisDrone-LL\LL2\images\val\0000289_02001_d_0000821.jpg,0,0,43,0,17,0,10,44,0.008849297650158405,0.18219753714634643,lowlight,none,0.0
datasets\VisDrone-LL\LL2\images\val\0000289_02201_d_0000822.jpg,0,2,29,0,7,0,0,35,0.03465723618865013,0.0844479348063716,lowlight,none,0.0
datasets\VisDrone-LL\LL2\images\val\0000289_02401_d_0000823.jpg,2,4,47,0,32,0,14,112,0.03950602561235428,0.07353725565581865,lowlight,none,0.0
datasets\VisDrone-LL\LL2\images\val\0000289_02601_d_0000824.jpg,0,2,58,0,34,0,16,200,0.021510805934667587,0.09038475397848489,lowlight,none,0.0
datasets\VisDrone-LL\LL2\images\val\0000289_03001_d_0000826.jpg,2,7,59,0,32,0,13,179,0.030952606350183487,0.04266680236108284,lowlight,none,0.0
datasets\VisDrone-LL\LL2\images\val\0000289_03201_d_0000827.jpg,1,12,79,0,43,0,28,213,0.035822682082653046,0.08872637974836224,lowlight,none,0.0
datasets\VisDrone-LL\LL2\images\val\0000289_03401_d_0000828.jpg,0,6,54,0,31,0,25,91,0.026617178693413734,0.054209791105984874,lowlight,none,0.0
datasets\VisDrone-LL\LL2\images\val\0000289_03601_d_0000829.jpg,0,0,77,0,52,0,45,37,0.009515712969005108,0.08240148208456777,lowlight,none,0.0
datasets\VisDrone-LL\LL2\images\val\0000289_03801_d_0000830.jpg,0,0,100,0,74,0,58,31,0.007489411626011133,0.044955284920581075,lowlight,none,0.0
datasets\VisDrone-LL\LL2\images\val\0000289_04001_d_0000831.jpg,0,0,80,0,61,0,43,69,0.0046431319788098335,0.030859409276974916,lowlight,none,0.0
datasets\VisDrone-LL\LL2\images\val\0000289_04201_d_0000832.jpg,0,1,88,0,73,0,46,116,0.013239222578704357,0.08144677763454478,lowlight,none,0.0
datasets\VisDrone-LL\LL2\images\val\0000289_04401_d_0000833.jpg,0,0,100,0,66,0,34,51,0.007958280853927135,0.033150534108299226,lowlight,none,0.0
datasets\VisDrone-LL\LL2\images\val\0000289_04601_d_0000834.jpg,0,1,93,0,38,0,13,72,0.015499072149395943,0.05264042864358354,lowlight,none,0.0
datasets\VisDrone-LL\LL2\images\val\0000289_04801_d_0000835.jpg,3,8,68,0,40,0,21,140,0.041591644287109375,0.05078360132980528,lowlight,none,0.0
datasets\VisDrone-LL\LL2\images\val\0000289_05001_d_0000836.jpg,0,0,65,0,27,0,14,49,0.006805681623518467,0.059092370204521634,lowlight,none,0.0
datasets\VisDrone-LL\LL2\images\val\0000289_05201_d_0000837.jpg,0,1,79,0,41,0,14,147,0.01058101560920477,0.08682450565770329,lowlight,none,0.0
datasets\VisDrone-LL\LL2\images\val\0000289_05401_d_0000838.jpg,3,7,78,0,32,0,13,267,0.02854127250611782,0.08045741456905715,lowlight,none,0.0
datasets\VisDrone-LL\LL2\images\val\0000289_05601_d_0000839.jpg,2,4,105,0,72,0,31,217,0.022065874189138412,0.05331719700567655,lowlight,none,0.0
datasets\VisDrone-LL\LL2\images\val\0000289_05801_d_0000840.jpg,0,1,78,0,49,0,26,113,0.015413116663694382,0.08304687488220971,lowlight,none,0.0
datasets\VisDrone-LL\LL2\images\val\0000289_06001_d_0000841.jpg,0,1,80,0,45,0,30,111,0.014270233921706676,0.04796390528529751,lowlight,none,0.0
datasets\VisDrone-LL\LL2\images\val\0000289_06201_d_0000842.jpg,0,1,79,0,39,0,20,146,0.011948582716286182,0.07668029641691355,lowlight,none,0.0
datasets\VisDrone-LL\LL2\images\val\0000289_06401_d_0000843.jpg,0,0,79,0,51,0,32,39,0.008034808561205864,0.05092145554877083,lowlight,none,0.0
datasets\VisDrone-LL\LL2\images\val\0000289_06601_d_0000844.jpg,0,0,88,0,51,0,33,60,0.011639552190899849,0.03405188426774016,lowlight,none,0.0
datasets\VisDrone-LL\LL2\images\val\0000289_06801_d_0000845.jpg,0,0,98,0,78,0,49,43,0.010183164849877357,0.06870108781690301,lowlight,none,0.0
datasets\VisDrone-LL\LL2\images\val\0000289_07001_d_0000846.jpg,0,0,74,0,45,0,40,34,0.00590866943821311,0.032080195399959294,lowlight,none,0.0
datasets\VisDrone-LL\LL2\images\val\0000289_07201_d_0000847.jpg,0,1,40,0,18,0,5,150,0.007294086739420891,0.039866133689154246,lowlight,none,0.0
datasets\VisDrone-LL\LL2\images\val\0000290_04001_d_0000867.jpg,0,0,79,0,47,0,24,37,0.011505460366606712,0.08681519174374863,lowlight,none,0.0
datasets\VisDrone-LL\LL2\images\val\0000291_00001_d_0000868.jpg,1,3,177,0,155,0,115,180,0.021318428218364716,0.0975713526471719,lowlight,none,0.0
datasets\VisDrone-LL\LL2\images\val\0000291_00201_d_0000869.jpg,0,0,113,0,90,0,54,87,0.007631625980138779,0.07155091179109091,lowlight,none,0.0
datasets\VisDrone-LL\LL2\images\val\0000291_00401_d_0000870.jpg,0,1,166,0,139,0,100,188,0.010181574150919914,0.0804559294690579,lowlight,none,0.0
datasets\VisDrone-LL\LL2\images\val\0000291_00601_d_0000871.jpg,0,3,120,0,63,0,33,207,0.016447968780994415,0.11505562340276364,lowlight,none,0.0
datasets\VisDrone-LL\LL2\images\val\0000291_01001_d_0000873.jpg,0,0,159,0,122,0,71,151,0.007336985785514116,0.0878938153500539,lowlight,none,0.0
datasets\VisDrone-LL\LL2\images\val\0000291_01201_d_0000874.jpg,0,1,212,0,135,0,71,77,0.013109803199768066,0.0758328546335874,lowlight,none,0.0
datasets\VisDrone-LL\LL2\images\val\0000291_01401_d_0000875.jpg,0,0,154,0,114,0,70,46,0.0046842037700116634,0.09046971376016766,lowlight,none,0.0
datasets\VisDrone-LL\LL2\images\val\0000291_01601_d_0000876.jpg,0,1,87,0,37,0,14,67,0.0119631327688694,0.08625469088058137,lowlight,none,0.0
datasets\VisDrone-LL\LL2\images\val\0000291_01801_d_0000877.jpg,0,2,113,0,50,0,20,139,0.013245920650660992,0.08117546795727135,lowlight,none,0.0
datasets\VisDrone-LL\LL2\images\val\0000291_02001_d_0000878.jpg,0,1,172,0,87,0,25,91,0.011700518429279327,0.06657981093244679,lowlight,none,0.0
datasets\VisDrone-LL\LL2\images\val\0000291_02201_d_0000879.jpg,1,0,148,0,77,0,23,290,0.011398859322071075,0.04087904727442688,lowlight,none,0.0
datasets\VisDrone-LL\LL2\images\val\0000291_02601_d_0000881.jpg,0,0,178,0,109,0,25,158,0.009367674589157104,0.05908732689538714,lowlight,none,0.0
datasets\VisDrone-LL\LL2\images\val\0000291_03201_d_0000884.jpg,0,0,229,0,170,0,93,142,0.009609601460397243,0.07130417034172376,lowlight,none,0.0
datasets\VisDrone-LL\LL2\images\val\0000291_03401_d_0000885.jpg,0,1,187,0,109,0,42,194,0.010768185369670391,0.07867668543772757,lowlight,none,0.0
datasets\VisDrone-LL\LL2\images\val\0000291_03601_d_0000886.jpg,0,0,112,0,49,0,6,171,0.011103720404207706,0.0689828158099072,lowlight,none,0.0
datasets\VisDrone-LL\LL2\images\val\0000291_03801_d_0000887.jpg,0,4,191,0,125,0,26,231,0.017863286659121513,0.08066801984153908,lowlight,none,0.0
datasets\VisDrone-LL\LL2\images\val\0000291_04001_d_0000888.jpg,0,0,108,0,45,0,6,46,0.009259338490664959,0.11280018620289331,lowlight,none,0.0
datasets\VisDrone-LL\LL2\images\val\0000291_04201_d_0000889.jpg,0,0,111,0,47,0,14,61,0.004532721824944019,0.07780455103994692,lowlight,none,0.0
datasets\VisDrone-LL\LL2\images\val\0000291_04401_d_0000890.jpg,1,0,125,0,53,0,14,160,0.009089397266507149,0.05433110568333447,lowlight,none,0.0
datasets\VisDrone-LL\LL2\images\val\0000291_05001_d_0000892.jpg,1,0,134,0,72,0,15,60,0.011592292226850986,0.07920133658999932,lowlight,none,0.0
datasets\VisDrone-LL\LL2\images\val\0000291_05201_d_0000893.jpg,2,2,205,0,143,0,50,189,0.017557376995682716,0.07235141084499928,lowlight,none,0.0
datasets\VisDrone-LL\LL2\images\val\0000293_03601_d_0000940.jpg,7,4,110,0,94,0,72,206,0.032479558140039444,0.06863683651084425,lowlight,none,0.0
datasets\VisDrone-LL\LL2\images\val\0000295_00000_d_0000021.jpg,3,4,127,0,116,0,80,117,0.03406233713030815,0.04303566501571794,lowlight,none,0.0
datasets\VisDrone-LL\LL2\images\val\0000295_00200_d_0000022.jpg,10,0,68,0,53,0,29,160,0.04243767634034157,0.06302932130176177,lowlight,none,0.0
datasets\VisDrone-LL\LL2\images\val\0000295_00600_d_0000024.jpg,0,0,186,0,166,0,139,4,0.0018785643624141812,0.09060657665603726,lowlight,none,0.0
datasets\VisDrone-LL\LL2\images\val\0000295_00800_d_0000025.jpg,4,7,143,0,121,0,95,191,0.03312252461910248,0.12074248215241498,lowlight,none,0.0
datasets\VisDrone-LL\LL2\images\val\0000295_01000_d_0000026.jpg,1,20,250,0,226,0,197,200,0.056068968027830124,0.1445599241618985,lowlight,none,0.0
datasets\VisDrone-LL\LL2\images\val\0000295_01200_d_0000027.jpg,4,0,196,0,182,0,151,61,0.02723623253405094,0.0698412262252075,lowlight,none,0.0
datasets\VisDrone-LL\LL2\images\val\0000295_01400_d_0000028.jpg,0,0,189,0,172,0,131,22,0.0068327877670526505,0.10120363585649562,lowlight,none,0.0
datasets\VisDrone-LL\LL2\images\val\0000295_01600_d_0000029.jpg,8,5,130,0,105,0,58,372,0.03156685456633568,0.10833890057368584,lowlight,none,0.0
datasets\VisDrone-LL\LL2\images\val\0000295_01800_d_0000030.jpg,1,0,305,0,269,0,224,99,0.012663217261433601,0.09408105856721773,lowlight,none,0.0
datasets\VisDrone-LL\LL2\images\val\0000295_02000_d_0000031.jpg,7,2,304,0,262,0,207,248,0.029211407527327538,0.0646440773156629,lowlight,none,0.0
datasets\VisDrone-LL\LL2\images\val\0000295_02200_d_0000032.jpg,5,2,188,0,134,0,81,196,0.0265006385743618,0.10651483969212444,lowlight,none,0.0
datasets\VisDrone-LL\LL2\images\val\0000295_02400_d_0000033.jpg,2,0,315,0,280,0,216,101,0.01591522805392742,0.07725789100722949,lowlight,none,0.0
datasets\VisDrone-LL\LL2\images\val\0000295_02900_d_0000034.jpg,4,0,208,0,172,0,134,224,0.01721510849893093,0.050601062185735506,lowlight,none,0.0
datasets\VisDrone-LL\LL2\images\val\0000296_00601_d_0000038.jpg,1,0,90,0,56,0,34,104,0.009795725345611572,0.05931136968435972,lowlight,none,0.0
datasets\VisDrone-LL\LL2\images\val\0000296_01001_d_0000040.jpg,12,6,169,0,128,0,91,224,0.05102240666747093,0.05838395865843454,lowlight,none,0.0
datasets\VisDrone-LL\LL2\images\val\0000300_03201_d_0000154.jpg,0,0,66,0,40,0,20,58,0.008271808736026287,0.07484364233967328,lowlight,none,0.0
datasets\VisDrone-LL\LL2\images\val\0000301_00001_d_0000156.jpg,3,4,93,0,65,0,35,169,0.031710442155599594,0.08435171992672502,lowlight,none,0.0
datasets\VisDrone-LL\LL2\images\val\0000301_00201_d_0000157.jpg,3,4,87,0,52,0,37,157,0.03932829946279526,0.04754620017941817,lowlight,none,0.0
datasets\VisDrone-LL\LL2\images\val\0000301_01001_d_0000161.jpg,1,2,63,0,48,0,32,77,0.02867100201547146,0.061227521843031714,lowlight,none,0.0
datasets\VisDrone-LL\LL2\images\val\0000301_01201_d_0000162.jpg,3,2,58,0,40,0,28,57,0.03739568963646889,0.04124689599023,lowlight,none,0.0
datasets\VisDrone-LL\LL2\images\val\0000303_03401_d_0000200.jpg,0,0,82,0,64,0,49,23,0.004621480591595173,0.12120535088314449,lowlight,none,0.0
datasets\VisDrone-LL\LL2\images\val\0000308_04401_d_0000327.jpg,0,0,98,0,69,0,38,116,0.010555362328886986,0.056871991164785786,lowlight,none,0.0
datasets\VisDrone-LL\LL2\images\val\0000312_00001_d_0000414.jpg,0,0,112,0,59,0,46,87,0.006169213447719812,0.07988230394041508,lowlight,none,0.0
datasets\VisDrone-LL\LL2\images\val\0000312_00201_d_0000415.jpg,0,0,108,0,56,0,44,69,0.007419986184686422,0.05053750819820431,lowlight,none,0.0
datasets\VisDrone-LL\LL2\images\val\0000312_00601_d_0000417.jpg,0,0,59,0,30,0,20,26,0.0028041168116033077,0.04758348598955153,lowlight,none,0.0
datasets\VisDrone-LL\LL2\images\val\0000312_01001_d_0000419.jpg,0,0,80,0,42,0,20,98,0.006152292713522911,0.04748096885813149,lowlight,none,0.0
datasets\VisDrone-LL\LL2\images\val\0000312_01201_d_0000420.jpg,0,0,82,0,44,0,18,58,0.007848639972507954,0.03302973592358897,lowlight,none,0.0
datasets\VisDrone-LL\LL2\images\val\0000312_02201_d_0000425.jpg,0,1,78,0,41,0,29,34,0.022441262379288673,0.09478421195467807,lowlight,none,0.0
datasets\VisDrone-LL\LL2\images\val\0000312_02401_d_0000426.jpg,0,0,80,0,42,0,25,44,0.002607816131785512,0.08430513904908368,lowlight,none,0.0
datasets\VisDrone-LL\LL2\images\val\0000312_04201_d_0000435.jpg,0,0,80,0,50,0,11,48,0.004511119332164526,0.054959566833269254,lowlight,none,0.0
datasets\VisDrone-LL\LL2\images\val\0000313_06401_d_0000468.jpg,0,0,91,0,85,0,72,13,0.0029625380411744118,0.09495890720763507,lowlight,none,0.0
datasets\VisDrone-LL\LL2\images\val\0000313_06601_d_0000469.jpg,0,0,165,0,156,0,131,17,0.007105367258191109,0.13250305312436395,lowlight,none,0.0
datasets\VisDrone-LL\LL2\images\val\0000313_07001_d_0000471.jpg,0,0,5,0,4,0,0,4,0.0014712458942085505,0.07343525868632728,lowlight,none,0.0
datasets\VisDrone-LL\LL2\images\val\0000315_01601_d_0000509.jpg,1,4,97,0,82,0,62,191,0.01910429820418358,0.10806169195859812,lowlight,none,0.0
datasets\VisDrone-LL\LL2\images\val\0000316_00001_d_0000519.jpg,0,0,69,0,61,0,37,40,0.017837796360254288,0.10605225742738465,lowlight,none,0.0
datasets\VisDrone-LL\LL2\images\val\0000316_00201_d_0000520.jpg,0,0,54,0,37,0,24,20,0.0029083862900733948,0.07927522219960648,lowlight,none,0.0
datasets\VisDrone-LL\LL2\images\val\0000316_00401_d_0000521.jpg,0,0,23,0,11,0,8,12,0.0027456108946353197,0.09446412767336847,lowlight,none,0.0
datasets\VisDrone-LL\LL2\images\val\0000316_00601_d_0000522.jpg,0,0,35,0,29,0,23,25,0.009269200265407562,0.15390747148532616,lowlight,none,0.0
datasets\VisDrone-LL\LL2\images\val\0000316_00801_d_0000523.jpg,0,0,27,0,22,0,14,43,0.004785807337611914,0.041269658728543324,lowlight,none,0.0
datasets\VisDrone-LL\LL2\images\val\0000316_01001_d_0000524.jpg,0,0,18,0,14,0,5,14,0.017241444438695908,0.08781279447572955,lowlight,none,0.0
datasets\VisDrone-LL\LL2\images\val\0000316_01201_d_0000525.jpg,0,0,43,0,25,0,21,42,0.006001701112836599,0.06467027764585265,lowlight,none,0.0
datasets\VisDrone-LL\LL2\images\val\0000316_01401_d_0000526.jpg,0,0,34,0,19,0,13,28,0.006749407853931189,0.03855537839895666,lowlight,none,0.0
datasets\VisDrone-LL\LL2\images\val\0000316_01601_d_0000527.jpg,0,0,29,0,17,0,13,39,0.005274306517094374,0.040278735177269674,lowlight,none,0.0
datasets\VisDrone-LL\LL2\images\val\0000316_01801_d_0000528.jpg,0,0,11,0,1,0,0,26,0.0031930517870932817,0.1166763424323978,lowlight,none,0.0
datasets\VisDrone-LL\LL2\images\val\0000316_02001_d_0000529.jpg,0,0,9,0,4,0,2,18,0.003116848412901163,0.06731466404324128,lowlight,none,0.0
datasets\VisDrone-LL\LL2\images\val\0000316_02201_d_0000530.jpg,0,0,7,0,2,0,0,14,0.005414810962975025,0.04574671129505243,lowlight,none,0.0
datasets\VisDrone-LL\LL2\images\val\0000323_02601_d_0000645.jpg,1,1,90,0,71,0,44,56,0.01918243058025837,0.08517946340396983,lowlight,none,0.0
datasets\VisDrone-LL\LL2\images\val\0000327_00001_d_0000711.jpg,5,1,65,0,46,0,25,156,0.03117276169359684,0.04972468356816006,lowlight,none,0.0
datasets\VisDrone-LL\LL2\images\val\0000327_00201_d_0000712.jpg,4,13,56,0,38,0,26,215,0.05366932600736618,0.04858656926823017,lowlight,none,0.0
datasets\VisDrone-LL\LL2\images\val\0000327_00401_d_0000713.jpg,1,0,63,0,40,0,31,91,0.017462845891714096,0.03975405010139388,lowlight,none,0.0
datasets\VisDrone-LL\LL2\images\val\0000327_00601_d_0000714.jpg,0,0,84,0,58,0,35,52,0.006443006452172995,0.04829276824147575,lowlight,none,0.0
datasets\VisDrone-LL\LL2\images\val\0000327_00801_d_0000715.jpg,0,0,84,0,57,0,25,91,0.0076993852853775024,0.03855587217585996,lowlight,none,0.0
datasets\VisDrone-LL\LL2\images\val\0000327_01001_d_0000716.jpg,2,1,81,0,51,0,25,63,0.03061087429523468,0.04583482220262192,lowlight,none,0.0
datasets\VisDrone-LL\LL2\images\val\0000327_01201_d_0000717.jpg,3,0,66,0,34,0,20,76,0.02279980666935444,0.03411370061288645,lowlight,none,0.0
datasets\VisDrone-LL\LL2\images\val\0000327_01401_d_0000718.jpg,0,0,93,0,71,0,41,41,0.005694577470421791,0.030489856842390937,lowlight,none,0.0
datasets\VisDrone-LL\LL2\images\val\0000327_01801_d_0000720.jpg,0,0,62,0,45,0,30,32,0.0032694966066628695,0.05508232127914603,lowlight,none,0.0
datasets\VisDrone-LL\LL2\images\val\0000327_02601_d_0000724.jpg,5,0,52,0,43,0,27,70,0.031800176948308945,0.06295299319266345,lowlight,none,0.0
datasets\VisDrone-LL\LL2\images\val\0000327_02801_d_0000725.jpg,0,0,73,0,48,0,36,38,0.006358753424137831,0.04697897113478225,lowlight,none,0.0
datasets\VisDrone-LL\LL2\images\val\0000327_03001_d_0000726.jpg,0,0,75,0,56,0,47,12,0.005864241626113653,0.06274601397652486,lowlight,none,0.0
datasets\VisDrone-LL\LL2\images\val\0000327_03201_d_0000727.jpg,0,5,110,0,88,0,69,106,0.03346796706318855,0.056878738192701145,lowlight,none,0.0
datasets\VisDrone-LL\LL2\images\val\0000327_03401_d_0000728.jpg,2,1,73,0,56,0,47,212,0.0169272068887949,0.045923445733541395,lowlight,none,0.0
datasets\VisDrone-LL\LL2\images\val\0000327_03601_d_0000729.jpg,4,4,56,0,47,0,25,164,0.025823185220360756,0.06806978462280722,lowlight,none,0.0
datasets\VisDrone-LL\LL2\images\val\0000327_03801_d_0000730.jpg,0,0,103,0,85,0,58,32,0.005621003918349743,0.03321565235090576,lowlight,none,0.0
datasets\VisDrone-LL\LL2\images\val\0000327_04001_d_0000731.jpg,5,7,131,0,117,0,100,166,0.046794384717941284,0.06233947350566524,lowlight,none,0.0
datasets\VisDrone-LL\LL2\images\val\0000327_04201_d_0000732.jpg,1,1,109,0,86,0,62,84,0.01977579854428768,0.030933622814754508,lowlight,none,0.0
datasets\VisDrone-LL\LL2\images\val\0000330_00001_d_0000800.jpg,0,0,80,0,55,0,43,56,0.00511854887008667,0.10127866733006159,lowlight,none,0.0
datasets\VisDrone-LL\LL2\images\val\0000330_00201_d_0000801.jpg,6,6,124,0,101,0,83,205,0.04676942899823189,0.10685017828738569,lowlight,none,0.0
datasets\VisDrone-LL\LL2\images\val\0000330_00401_d_0000802.jpg,5,2,107,0,88,0,64,212,0.021010080352425575,0.07166219252022224,lowlight,none,0.0
datasets\VisDrone-LL\LL2\images\val\0000330_00601_d_0000803.jpg,5,3,89,0,72,0,55,286,0.025986190885305405,0.1009924199591409,lowlight,none,0.0
datasets\VisDrone-LL\LL2\images\val\0000330_00801_d_0000804.jpg,7,1,86,0,58,0,41,144,0.03639458119869232,0.06577884448666049,lowlight,none,0.0
datasets\VisDrone-LL\LL2\images\val\0000330_01001_d_0000805.jpg,0,0,93,0,68,0,57,47,0.0060412283055484295,0.04710520086542883,lowlight,none,0.0
datasets\VisDrone-LL\LL2\images\val\0000330_01201_d_0000806.jpg,5,2,105,0,80,0,69,121,0.03143097460269928,0.08226862594326466,lowlight,none,0.0
datasets\VisDrone-LL\LL2\images\val\0000330_01401_d_0000807.jpg,3,0,158,0,111,0,72,117,0.021686917170882225,0.051310310514055685,lowlight,none,0.0
datasets\VisDrone-LL\LL2\images\val\0000330_01601_d_0000808.jpg,0,0,99,0,76,0,54,24,0.0032871700823307037,0.08524250853744035,lowlight,none,0.0
datasets\VisDrone-LL\LL2\images\val\0000330_01801_d_0000809.jpg,2,0,62,0,38,0,20,65,0.019207434728741646,0.095687111292037,lowlight,none,0.0
datasets\VisDrone-LL\LL2\images\val\0000330_02001_d_0000810.jpg,0,0,57,0,35,0,23,37,0.009764044545590878,0.05406675788346865,lowlight,none,0.0
datasets\VisDrone-LL\LL2\images\val\0000330_02201_d_0000811.jpg,0,0,44,0,26,0,13,11,0.0037651502061635256,0.0622924176975673,lowlight,none,0.0
datasets\VisDrone-LL\LL2\images\val\0000330_02801_d_0000814.jpg,0,0,45,0,28,0,14,22,0.004002497531473637,0.06549415760152581,lowlight,none,0.0
datasets\VisDrone-LL\LL2\images\val\0000330_03001_d_0000815.jpg,0,0,45,0,28,0,16,18,0.008367433212697506,0.058199037323503025,lowlight,none,0.0
datasets\VisDrone-LL\LL2\images\val\0000330_03201_d_0000816.jpg,0,0,69,0,29,0,14,57,0.009626816026866436,0.062431086083029906,lowlight,none,0.0
datasets\VisDrone-LL\LL2\images\val\0000330_04001_d_0000820.jpg,0,0,38,0,10,0,2,50,0.01090041920542717,0.06885509344068269,lowlight,none,0.0
datasets\VisDrone-LL\LL2\images\val\0000330_04201_d_0000821.jpg,0,1,162,0,129,0,61,94,0.017060695216059685,0.06936786379296048,lowlight,none,0.0
datasets\VisDrone-LL\LL2\images\val\0000330_04401_d_0000822.jpg,0,0,38,0,23,0,14,20,0.005294852890074253,0.07193696994368681,lowlight,none,0.0
datasets\VisDrone-LL\LL2\images\val\0000330_04601_d_0000823.jpg,0,0,62,0,48,0,24,95,0.0069754100404679775,0.07845148170763884,lowlight,none,0.0
datasets\VisDrone-LL\LL2\images\val\0000333_00001_d_0000001.jpg,0,0,68,0,35,0,30,77,0.009517451748251915,0.07532000135694415,lowlight,none,0.0
datasets\VisDrone-LL\LL2\images\val\0000333_01765_d_0000010.jpg,0,0,120,0,84,0,74,8,0.0027859106194227934,0.08029451719172867,lowlight,none,0.0
datasets\VisDrone-LL\LL2\images\val\0000333_01961_d_0000011.jpg,0,0,65,0,36,0,18,23,0.0033020805567502975,0.08105164680251185,lowlight,none,0.0
datasets\VisDrone-LL\LL2\images\val\0000333_02157_d_0000012.jpg,0,0,67,0,30,0,22,5,0.002657622564584017,0.06513847615170636,lowlight,none,0.0
datasets\VisDrone-LL\LL2\images\val\0000333_02353_d_0000013.jpg,0,0,70,0,41,0,34,6,0.002115245210006833,0.07903616633119992,lowlight,none,0.0
datasets\VisDrone-LL\LL2\images\val\0000333_02549_d_0000014.jpg,0,0,91,0,64,0,50,5,0.001908180071040988,0.1117941251856375,lowlight,none,0.0
datasets\VisDrone-LL\LL2\images\val\0000333_02745_d_0000015.jpg,0,0,52,0,35,0,25,6,0.0027796269860118628,0.09267098627224823,lowlight,none,0.0
datasets\VisDrone-LL\LL2\images\val\0000333_02941_d_0000016.jpg,0,0,44,0,23,0,19,9,0.0018645974341779947,0.0699530874248969,lowlight,none,0.0
datasets\VisDrone-LL\LL2\images\val\0000333_03137_d_0000017.jpg,0,0,39,0,23,0,19,5,0.0021305244881659746,0.08757085133168993,lowlight,none,0.0
datasets\VisDrone-LL\LL2\images\val\0000333_03333_d_0000018.jpg,0,0,62,0,32,0,17,34,0.004063495434820652,0.08058693112000663,lowlight,none,0.0
datasets\VisDrone-LL\LL2\images\val\0000333_03529_d_0000019.jpg,0,0,95,0,55,0,42,9,0.0017496065702289343,0.10152572916902247,lowlight,none,0.0
datasets\VisDrone-LL\LL2\images\val\0000333_03725_d_0000020.jpg,0,0,83,0,49,0,30,47,0.003987682517617941,0.05618221121589736,lowlight,none,0.0
datasets\VisDrone-LL\LL2\images\val\0000335_00001_d_0000043.jpg,1,0,40,0,16,0,12,62,0.020963603630661964,0.07638168954625295,lowlight,none,0.0
datasets\VisDrone-LL\LL2\images\val\0000335_00197_d_0000044.jpg,0,0,37,0,21,0,17,36,0.012493456713855267,0.05664542295195664,lowlight,none,0.0
datasets\VisDrone-LL\LL2\images\val\0000335_00393_d_0000045.jpg,0,0,34,0,12,0,4,54,0.006096154451370239,0.05105832221392979,lowlight,none,0.0
datasets\VisDrone-LL\LL2\images\val\0000335_00589_d_0000046.jpg,0,0,21,0,7,0,1,65,0.008835913613438606,0.048201690903197106,lowlight,none,0.0
datasets\VisDrone-LL\LL2\images\val\0000335_00785_d_0000047.jpg,3,2,31,0,25,0,15,134,0.027392862364649773,0.06393724887109785,lowlight,none,0.0
datasets\VisDrone-LL\LL2\images\val\0000335_00981_d_0000048.jpg,1,0,77,0,71,0,62,114,0.009307441301643848,0.12377686937904728,lowlight,none,0.0
datasets\VisDrone-LL\LL2\images\val\0000335_01765_d_0000052.jpg,4,9,57,0,48,0,27,180,0.04651014506816864,0.0817864358353876,lowlight,none,0.0
datasets\VisDrone-LL\LL2\images\val\0000335_01961_d_0000053.jpg,0,0,69,0,53,0,33,64,0.007624054793268442,0.09345421821169836,lowlight,none,0.0
datasets\VisDrone-LL\LL2\images\val\0000335_02353_d_0000055.jpg,2,1,80,0,63,0,50,140,0.019048849120736122,0.07845787442235641,lowlight,none,0.0
datasets\VisDrone-LL\LL2\images\val\0000335_02549_d_0000056.jpg,0,2,87,0,74,0,53,114,0.013934682123363018,0.10090231886680086,lowlight,none,0.0
datasets\VisDrone-LL\LL2\images\val\0000335_02745_d_0000057.jpg,2,2,97,0,84,0,59,163,0.022045735269784927,0.07245914090357404,lowlight,none,0.0
datasets\VisDrone-LL\LL2\images\val\0000335_03137_d_0000059.jpg,0,0,103,0,79,0,63,33,0.003968127071857452,0.08974134759632418,lowlight,none,0.0
datasets\VisDrone-LL\LL2\images\val\0000335_03333_d_0000060.jpg,0,0,40,0,18,0,3,70,0.007029953878372908,0.053534877234246256,lowlight,none,0.0
datasets\VisDrone-LL\LL2\images\val\0000335_03725_d_0000062.jpg,0,0,27,0,4,0,2,69,0.004218952730298042,0.06466083557606049,lowlight,none,0.0
datasets\VisDrone-LL\LL2\images\val\0000335_03921_d_0000063.jpg,0,0,44,0,9,0,3,68,0.007380580063909292,0.053458296582762285,lowlight,none,0.0
datasets\VisDrone-LL\LL2\images\val\0000335_04117_d_0000064.jpg,0,0,28,0,7,0,3,69,0.009885632432997227,0.05840343080715562,lowlight,none,0.0
datasets\VisDrone-LL\LL2\images\val\0000335_04313_d_0000065.jpg,0,0,38,0,17,0,7,70,0.005731894634664059,0.06899172264061335,lowlight,none,0.0
datasets\VisDrone-LL\LL2\images\val\0000335_05097_d_0000069.jpg,0,0,20,0,8,0,6,56,0.006399006582796574,0.05997143632539521,lowlight,none,0.0
datasets\VisDrone-LL\LL2\images\val\0000335_05685_d_0000072.jpg,0,1,15,0,1,0,1,46,0.012757573276758194,0.06253111171419741,lowlight,none,0.0
datasets\VisDrone-LL\LL2\images\val\0000335_06469_d_0000076.jpg,0,0,8,0,4,0,2,72,0.009737793356180191,0.07708708943015884,lowlight,none,0.0
datasets\VisDrone-LL\LL2\images\val\0000335_06665_d_0000077.jpg,0,0,21,0,3,0,1,49,0.005815424025058746,0.06226976803793413,lowlight,none,0.0
datasets\VisDrone-LL\LL2\images\val\0000335_06861_d_0000078.jpg,0,2,24,0,10,0,3,73,0.02361462637782097,0.05474621751814913,lowlight,none,0.0
datasets\VisDrone-LL\LL2\images\val\0000342_00393_d_0000244.jpg,0,0,133,0,112,0,80,25,0.004095581825822592,0.07508278113244528,lowlight,none,0.0
datasets\VisDrone-LL\LL2\images\val\0000345_07057_d_0000345.jpg,0,0,108,0,86,0,66,24,0.005921640899032354,0.03750581601344882,lowlight,none,0.0
datasets\VisDrone-LL\LL2\images\val\0000346_00001_d_0000346.jpg,0,1,82,0,35,0,17,94,0.013482782058417797,0.06593255987516114,lowlight,none,0.0
datasets\VisDrone-LL\LL2\images\val\0000346_01961_d_0000356.jpg,0,0,71,0,44,0,15,25,0.0034830113872885704,0.08165865315753368,lowlight,none,0.0
datasets\VisDrone-LL\LL2\images\val\0000346_02549_d_0000359.jpg,0,1,59,0,23,0,10,23,0.01452332828193903,0.059518876601005646,lowlight,none,0.0
datasets\VisDrone-LL\LL2\images\val\0000346_03921_d_0000366.jpg,0,0,50,0,22,0,16,26,0.003961210139095783,0.039657054978854286,lowlight,none,0.0
datasets\VisDrone-LL\LL2\images\val\0000346_07057_d_0000382.jpg,3,0,84,0,50,0,27,118,0.02761058881878853,0.06830222915771461,lowlight,none,0.0
datasets\VisDrone-LL\LL2\images\val\0000348_00589_d_0000409.jpg,0,0,34,0,26,0,11,30,0.009999631904065609,0.09182676723130621,lowlight,none,0.0
datasets\VisDrone-LL\LL2\images\val\0000348_03333_d_0000423.jpg,0,0,15,0,4,0,0,5,0.0014578987611457705,0.08864907539332534,lowlight,none,0.0
datasets\VisDrone-LL\LL2\images\val\0000356_00589_d_0000632.jpg,1,4,120,0,92,0,60,92,0.03372225910425186,0.09592545853404799,lowlight,none,0.0
datasets\VisDrone-LL\LL2\images\val\0000356_01177_d_0000635.jpg,0,0,88,0,58,0,30,55,0.004378092475235462,0.0965831769078258,lowlight,none,0.0
datasets\VisDrone-LL\LL2\images\val\0000356_01569_d_0000637.jpg,0,0,100,0,71,0,42,60,0.0035415380261838436,0.05564750736896066,lowlight,none,0.0
datasets\VisDrone-LL\LL2\images\val\0000356_01765_d_0000638.jpg,0,0,84,0,54,0,32,34,0.0023886493872851133,0.07943337781094752,lowlight,none,0.0
datasets\VisDrone-LL\LL2\images\val\0000356_01961_d_0000639.jpg,0,0,111,0,83,0,54,33,0.006556338164955378,0.055546863574341694,lowlight,none,0.0
datasets\VisDrone-LL\LL2\images\val\0000356_02157_d_0000640.jpg,0,0,54,0,29,0,10,85,0.006092739291489124,0.052568827223315316,lowlight,none,0.0
datasets\VisDrone-LL\LL2\images\val\0000356_02353_d_0000641.jpg,0,0,106,0,79,0,43,202,0.007409967947751284,0.06136973712976155,lowlight,none,0.0
datasets\VisDrone-LL\LL2\images\val\0000356_02745_d_0000643.jpg,0,0,97,0,74,0,35,19,0.002522993367165327,0.16141672132136206,lowlight,none,0.0
datasets\VisDrone-LL\LL2\images\val\0000356_02941_d_0000644.jpg,0,0,108,0,89,0,54,24,0.004128143656998873,0.07691091284649193,lowlight,none,0.0
datasets\VisDrone-LL\LL2\images\val\0000356_03333_d_0000646.jpg,0,0,80,0,55,0,22,37,0.004365282598882914,0.0989090055860868,lowlight,none,0.0
datasets\VisDrone-LL\LL2\images\val\0000356_03529_d_0000647.jpg,0,2,81,0,50,0,18,125,0.011338869109749794,0.06574730307347854,lowlight,none,0.0
datasets\VisDrone-LL\LL2\images\val\0000356_03725_d_0000648.jpg,0,0,94,0,63,0,39,59,0.007981671020388603,0.059038103745919744,lowlight,none,0.0
datasets\VisDrone-LL\LL2\images\val\0000356_03921_d_0000649.jpg,1,0,71,0,49,0,31,76,0.015346086584031582,0.08336605830336749,lowlight,none,0.0
datasets\VisDrone-LL\LL2\images\val\0000356_04117_d_0000650.jpg,0,0,93,0,71,0,42,33,0.0035304147750139236,0.05990004598532993,lowlight,none,0.0
datasets\VisDrone-LL\LL2\images\val\0000356_04313_d_0000651.jpg,0,0,99,0,73,0,44,21,0.008401920087635517,0.03941386796933306,lowlight,none,0.0
datasets\VisDrone-LL\LL2\images\val\0000356_04705_d_0000653.jpg,0,1,70,0,53,0,23,86,0.01240028627216816,0.07567836277148307,lowlight,none,0.0
datasets\VisDrone-LL\LL2\images\val\0000356_04901_d_0000654.jpg,0,0,102,0,81,0,45,21,0.01657724380493164,0.07227824140036637,lowlight,none,0.0
datasets\VisDrone-LL\LL2\images\val\0000356_05097_d_0000655.jpg,0,0,114,0,92,0,50,44,0.005192712415009737,0.07444131216500441,lowlight,none,0.0
datasets\VisDrone-LL\LL2\images\val\0000358_03333_d_0000697.jpg,0,0,93,0,74,0,59,61,0.008620908483862877,0.12472980603237066,lowlight,none,0.0
datasets\VisDrone-LL\LL2\images\val\0000359_00393_d_0000701.jpg,1,1,38,0,25,0,18,49,0.027217281982302666,0.06742607292821011,lowlight,none,0.0
datasets\VisDrone-LL\LL2\images\val\0000359_00589_d_0000702.jpg,3,1,36,0,19,0,7,88,0.025134731084108353,0.03426137383057798,lowlight,none,0.0
datasets\VisDrone-LL\LL2\images\val\0000359_00785_d_0000703.jpg,2,5,28,0,8,0,4,101,0.04231236129999161,0.04771130636029883,lowlight,none,0.0
datasets\VisDrone-LL\LL2\images\val\0000359_00981_d_0000704.jpg,2,1,31,0,6,0,3,131,0.016611455008387566,0.044428236500290236,lowlight,none,0.0
datasets\VisDrone-LL\LL2\images\val\0000359_01177_d_0000705.jpg,8,7,51,0,20,0,10,267,0.042796697467565536,0.03388459943762203,lowlight,none,0.0
datasets\VisDrone-LL\LL2\images\val\0000359_01373_d_0000706.jpg,0,1,12,0,0,0,0,33,0.02203797921538353,0.04739619754091564,lowlight,none,0.0
datasets\VisDrone-LL\LL2\images\val\0000359_01961_d_0000707.jpg,0,0,18,0,0,0,0,57,0.020013563334941864,0.05832914942216794,lowlight,none,0.0
datasets\VisDrone-LL\LL2\images\val\0000359_02353_d_0000708.jpg,3,0,28,1,24,0,17,76,0.029975291341543198,0.07443477621729198,lowlight,none,0.0
datasets\VisDrone-LL\LL2\images\val\0000359_02549_d_0000709.jpg,0,0,21,0,6,0,1,23,0.011939781717956066,0.045645147793834946,lowlight,none,0.0
datasets\VisDrone-LL\LL2\images\val\0000359_03333_d_0000711.jpg,0,0,13,0,2,0,2,9,0.0016026797238737345,0.06685852726326978,lowlight,none,0.0
datasets\VisDrone-LL\LL2\images\val\0000359_03529_d_0000712.jpg,0,0,16,0,0,0,0,17,0.009017085656523705,0.032657526140021556,lowlight,none,0.0
datasets\VisDrone-LL\LL2\images\val\0000360_00001_d_0000713.jpg,1,0,79,0,54,0,35,42,0.013235097751021385,0.09039131631122269,lowlight,none,0.0
datasets\VisDrone-LL\LL2\images\val\0000360_00197_d_0000714.jpg,2,0,77,0,50,0,26,75,0.020962178707122803,0.07516280314509502,lowlight,none,0.0
datasets\VisDrone-LL\LL2\images\val\0000360_00393_d_0000715.jpg,1,0,78,0,46,0,23,55,0.019441043958067894,0.09137694401097617,lowlight,none,0.0
datasets\VisDrone-LL\LL2\images\val\0000360_00589_d_0000716.jpg,0,0,60,0,31,0,18,67,0.0129946768283844,0.10406547632509366,lowlight,none,0.0
datasets\VisDrone-LL\LL2\images\val\0000360_00785_d_0000717.jpg,0,0,59,0,26,0,9,24,0.0031540615018457174,0.08583123383917196,lowlight,none,0.0
datasets\VisDrone-LL\LL2\images\val\0000360_00981_d_0000718.jpg,1,0,64,0,33,0,12,116,0.012959972955286503,0.049491888489344216,lowlight,none,0.0
datasets\VisDrone-LL\LL2\images\val\0000360_02353_d_0000725.jpg,3,0,69,0,34,0,15,115,0.023477723821997643,0.07739696270665128,lowlight,none,0.0
datasets\VisDrone-LL\LL2\images\val\0000360_02745_d_0000727.jpg,0,0,81,0,46,0,24,68,0.011140847578644753,0.06109057225350732,lowlight,none,0.0
datasets\VisDrone-LL\LL2\images\val\0000360_02941_d_0000728.jpg,0,1,45,0,11,0,3,46,0.01669470965862274,0.07418146866589774,lowlight,none,0.0
datasets\VisDrone-LL\LL2\images\val\0000360_03137_d_0000729.jpg,2,2,54,0,28,0,10,193,0.022725995630025864,0.11550629094390544,lowlight,none,0.0
datasets\VisDrone-LL\LL2\images\val\0000360_03333_d_0000730.jpg,0,0,56,0,36,0,13,20,0.004563671536743641,0.09286719662874762,lowlight,none,0.0
datasets\VisDrone-LL\LL2\images\val\0000360_03529_d_0000731.jpg,0,0,31,0,17,0,7,51,0.0076110875234007835,0.06600262342537938,lowlight,none,0.0
datasets\VisDrone-LL\LL2\images\val\0000360_03921_d_0000733.jpg,0,0,52,0,39,0,19,46,0.007381436415016651,0.11919031141868512,lowlight,none,0.0
datasets\VisDrone-LL\LL2\images\val\0000360_04117_d_0000734.jpg,0,0,18,0,2,0,0,25,0.005279573146253824,0.061994964229444185,lowlight,none,0.0
datasets\VisDrone-LL\LL2\images\val\0000360_04705_d_0000737.jpg,0,0,9,0,0,0,0,7,0.001497246092185378,0.10765906777936089,lowlight,none,0.0
datasets\VisDrone-LL\LL2\images\val\0000360_05293_d_0000740.jpg,4,0,66,0,46,0,21,58,0.028435884043574333,0.06456924561443186,lowlight,none,0.0
datasets\VisDrone-LL\LL2\images\val\0000360_05685_d_0000742.jpg,0,4,60,0,17,0,14,96,0.025341130793094635,0.0973792658932085,lowlight,none,0.0
datasets\VisDrone-LL\LL2\images\val\0000360_06273_d_0000745.jpg,0,0,17,0,5,0,0,26,0.003685839008539915,0.07952182041597877,lowlight,none,0.0
datasets\VisDrone-LL\LL2\images\val\0000360_06665_d_0000747.jpg,0,0,48,0,15,0,10,33,0.006758987903594971,0.12174673014149912,lowlight,none,0.0
datasets\VisDrone-LL\LL2\images\val\0000360_06861_d_0000748.jpg,4,1,21,0,4,0,0,103,0.02509978413581848,0.055552932130176175,lowlight,none,0.0
datasets\VisDrone-LL\LL2\images\val\0000360_07057_d_0000749.jpg,1,0,14,0,4,0,0,41,0.012002337723970413,0.10428633406457546,lowlight,none,0.0
datasets\VisDrone-LL\LL2\images\val\0000360_07253_d_0000750.jpg,3,3,25,0,5,0,0,85,0.04611760750412941,0.10232006166557357,lowlight,none,0.0
datasets\VisDrone-LL\LL2\images\val\0000360_07645_d_0000752.jpg,0,0,16,0,0,0,0,86,0.009586040861904621,0.06057203488854212,lowlight,none,0.0
datasets\VisDrone-LL\LL2\images\val\0000364_00589_d_0000798.jpg,0,0,62,0,50,0,32,15,0.007266122382134199,0.092960746489954,lowlight,none,0.0
datasets\VisDrone-LL\LL2\images\val\0000364_01177_d_0000799.jpg,0,0,80,0,62,0,47,42,0.009895209223031998,0.0603836843379327,lowlight,none,0.0
datasets\VisDrone-LL\LL2\images\val\0000364_01373_d_0000780.jpg,0,0,64,0,51,0,35,30,0.0036926150787621737,0.06200267035826676,lowlight,none,0.0
datasets\VisDrone-LL\LL2\images\val\0000364_01569_d_0000781.jpg,0,1,97,0,83,0,63,74,0.01059391163289547,0.0581524978818688,lowlight,none,0.0
datasets\VisDrone-LL\LL2\images\val\0000364_01765_d_0000782.jpg,0,0,81,0,60,0,40,10,0.00368371419608593,0.07173319111595255,lowlight,none,0.0
